Name,date_of_birth,goals,outfielder_block,touches,goal_assist,appearances,clean_sheet,mins_played,yellow_card,red_card,total_pass,big_chance_missed,total_offside,total_tackle,fouls,dispossessed,total_clearance
Mohamed Salah,1992-06-14,23.0,1.0,1717.0,13.0,35.0,13.0,2761.0,1.0,0.0,1079.0,17.0,12.0,17.0,12.0,81.0,4.0
Son Heung-Min,1992-07-07,23.0,6.0,1684.0,7.0,35.0,6.0,3019.0,2.0,0.0,1015.0,17.0,17.0,15.0,14.0,46.0,8.0
Cristiano Ronaldo,1985-02-04,18.0,0.0,1237.0,3.0,30.0,6.0,2458.0,8.0,0.0,879.0,13.0,33.0,8.0,16.0,30.0,29.0
Harry Kane,1993-07-27,17.0,8.0,1548.0,9.0,37.0,13.0,3232.0,5.0,0.0,874.0,18.0,16.0,15.0,42.0,61.0,39.0
Sadio Mané,1992-04-09,16.0,1.0,1653.0,2.0,34.0,13.0,2824.0,5.0,0.0,1036.0,13.0,19.0,33.0,50.0,59.0,11.0
Kevin De Bruyne,1991-06-27,15.0,2.0,1907.0,8.0,30.0,8.0,2205.0,2.0,0.0,1358.0,0.0,4.0,32.0,21.0,20.0,16.0
Diogo Jota,1996-12-03,15.0,2.0,1199.0,4.0,35.0,4.0,2372.0,3.0,0.0,744.0,14.0,5.0,39.0,41.0,33.0,6.0
Jamie Vardy,1987-01-10,15.0,0.0,438.0,2.0,25.0,3.0,1805.0,2.0,0.0,251.0,8.0,19.0,6.0,13.0,8.0,17.0
Wilfried Zaha,1992-11-09,14.0,0.0,1699.0,1.0,33.0,10.0,2761.0,4.0,1.0,909.0,4.0,24.0,40.0,37.0,110.0,5.0
Raheem Sterling,1994-12-07,13.0,0.0,1309.0,5.0,30.0,11.0,2127.0,1.0,0.0,820.0,13.0,10.0,23.0,19.0,54.0,2.0
Jarrod Bowen,1996-12-19,12.0,2.0,1373.0,10.0,36.0,5.0,2987.0,6.0,0.0,714.0,13.0,14.0,36.0,25.0,51.0,8.0
James Maddison,1996-11-22,12.0,3.0,1468.0,8.0,35.0,2.0,2466.0,3.0,0.0,955.0,2.0,4.0,40.0,22.0,32.0,7.0
Ivan Toney,1996-03-15,12.0,2.0,1349.0,5.0,33.0,8.0,2908.0,8.0,0.0,733.0,6.0,25.0,33.0,50.0,44.0,42.0
Raphinha,1996-12-13,11.0,0.0,1948.0,3.0,35.0,4.0,2922.0,7.0,0.0,1074.0,6.0,14.0,51.0,40.0,35.0,25.0
Riyad Mahrez,1991-02-20,11.0,1.0,1207.0,5.0,28.0,4.0,1491.0,0.0,0.0,826.0,4.0,3.0,11.0,10.0,21.0,4.0
Mason Mount,1999-01-09,11.0,1.0,1654.0,10.0,32.0,6.0,2364.0,4.0,0.0,1115.0,4.0,5.0,41.0,30.0,34.0,11.0
Teemu Pukki,1990-03-28,11.0,1.0,911.0,3.0,37.0,2.0,3260.0,4.0,0.0,524.0,10.0,12.0,23.0,31.0,42.0,2.0
Bukayo Saka,2001-09-04,11.0,2.0,1781.0,7.0,38.0,5.0,2991.0,6.0,0.0,1062.0,5.0,17.0,40.0,39.0,47.0,21.0
Ollie Watkins,1995-12-29,11.0,3.0,1178.0,2.0,35.0,9.0,2955.0,7.0,0.0,674.0,10.0,16.0,17.0,33.0,53.0,25.0
Michail Antonio,1990-03-27,10.0,1.0,1268.0,8.0,36.0,4.0,2975.0,6.0,1.0,615.0,10.0,13.0,23.0,50.0,72.0,14.0
Bruno Fernandes,1994-09-07,10.0,0.0,2565.0,6.0,36.0,5.0,3118.0,10.0,0.0,1901.0,7.0,3.0,54.0,33.0,40.0,41.0
Richarlison,1997-05-09,10.0,4.0,1153.0,5.0,30.0,4.0,2526.0,9.0,0.0,524.0,6.0,21.0,40.0,36.0,54.0,33.0
Emmanuel Dennis,1997-11-14,10.0,2.0,1265.0,6.0,33.0,1.0,2589.0,7.0,1.0,575.0,5.0,12.0,51.0,59.0,63.0,12.0
Emile Smith Rowe,2000-07-27,10.0,1.0,1093.0,2.0,33.0,3.0,1920.0,1.0,0.0,767.0,5.0,2.0,14.0,5.0,25.0,10.0
James Ward-Prowse,1994-10-31,10.0,15.0,2509.0,5.0,36.0,6.0,3217.0,3.0,1.0,1827.0,0.0,0.0,41.0,22.0,25.0,39.0
Maxwel Cornet,1996-09-26,9.0,4.0,725.0,1.0,26.0,1.0,1776.0,2.0,0.0,377.0,5.0,26.0,16.0,20.0,33.0,13.0
Phil Foden,2000-05-27,9.0,0.0,1398.0,5.0,28.0,7.0,2133.0,1.0,0.0,960.0,8.0,14.0,16.0,15.0,34.0,3.0
Saïd Benrahma,1995-08-09,8.0,1.0,1205.0,6.0,32.0,0.0,2184.0,0.0,0.0,762.0,4.0,9.0,28.0,9.0,30.0,7.0
Gabriel Jesus,1997-04-02,8.0,0.0,1124.0,8.0,28.0,7.0,1878.0,1.0,0.0,739.0,7.0,10.0,18.0,26.0,27.0,6.0
Conor Gallagher,2000-02-05,8.0,9.0,1753.0,3.0,34.0,10.0,2851.0,10.0,0.0,1049.0,4.0,2.0,68.0,65.0,50.0,23.0
Ilkay Gündogan,1990-10-23,8.0,1.0,1589.0,4.0,27.0,10.0,1856.0,1.0,0.0,1269.0,5.0,2.0,23.0,13.0,19.0,10.0
Jack Harrison,1996-11-19,8.0,1.0,1595.0,1.0,35.0,2.0,2648.0,3.0,0.0,870.0,1.0,4.0,57.0,29.0,66.0,16.0
Kai Havertz,1999-06-10,8.0,1.0,1021.0,3.0,29.0,4.0,1810.0,3.0,0.0,654.0,12.0,12.0,17.0,40.0,32.0,30.0
Romelu Lukaku,1993-05-12,8.0,1.0,533.0,0.0,26.0,6.0,1585.0,1.0,0.0,317.0,3.0,14.0,2.0,8.0,25.0,20.0
Neal Maupay,1996-08-13,8.0,2.0,940.0,2.0,32.0,5.0,2275.0,7.0,0.0,603.0,5.0,6.0,17.0,33.0,51.0,1.0
Bernardo Silva,1994-08-09,8.0,2.0,2402.0,4.0,35.0,13.0,2859.0,6.0,0.0,1888.0,5.0,9.0,57.0,30.0,25.0,14.0
Leandro Trossard,1994-12-03,8.0,4.0,1697.0,3.0,34.0,6.0,2810.0,2.0,0.0,1120.0,3.0,13.0,34.0,24.0,73.0,7.0
Callum Wilson,1992-02-26,8.0,2.0,383.0,0.0,18.0,1.0,1388.0,4.0,0.0,151.0,4.0,17.0,9.0,27.0,27.0,10.0
Ché Adams,1996-07-12,7.0,2.0,803.0,3.0,30.0,2.0,2041.0,0.0,0.0,461.0,9.0,7.0,13.0,29.0,34.0,16.0
Rodri,1996-06-21,7.0,5.0,3246.0,2.0,33.0,15.0,2887.0,5.0,0.0,2865.0,0.0,0.0,72.0,43.0,23.0,42.0
Danny Ings,1992-07-22,7.0,2.0,666.0,6.0,30.0,1.0,1904.0,4.0,0.0,361.0,6.0,11.0,23.0,16.0,21.0,20.0
Yoane Wissa,1996-09-02,7.0,5.0,468.0,1.0,30.0,1.0,1273.0,0.0,0.0,273.0,2.0,7.0,12.0,8.0,6.0,5.0
Martin Ødegaard,1998-12-16,7.0,1.0,1970.0,4.0,36.0,7.0,2791.0,4.0,0.0,1559.0,3.0,3.0,49.0,27.0,48.0,10.0
Harvey Barnes,1997-12-08,6.0,1.0,1148.0,10.0,32.0,3.0,2105.0,2.0,0.0,704.0,8.0,10.0,31.0,19.0,43.0,5.0
Armando Broja,2001-09-09,6.0,1.0,774.0,0.0,32.0,0.0,1978.0,2.0,0.0,396.0,5.0,13.0,12.0,29.0,50.0,11.0
Odsonne Édouard,1998-01-15,6.0,5.0,739.0,3.0,28.0,2.0,1567.0,4.0,0.0,415.0,6.0,4.0,16.0,25.0,27.0,18.0
Pablo Fornals,1996-02-21,6.0,2.0,1814.0,3.0,36.0,6.0,2799.0,4.0,0.0,1316.0,3.0,6.0,54.0,24.0,28.0,14.0
Jorginho,1991-12-19,6.0,4.0,2197.0,2.0,29.0,8.0,2278.0,5.0,0.0,1883.0,2.0,0.0,64.0,30.0,19.0,20.0
Raúl Jiménez,1991-05-04,6.0,5.0,1290.0,4.0,34.0,5.0,2637.0,5.0,2.0,751.0,9.0,23.0,29.0,43.0,57.0,26.0
Ademola Lookman,1997-10-19,6.0,1.0,876.0,0.0,26.0,0.0,1457.0,2.0,0.0,507.0,3.0,6.0,32.0,27.0,52.0,2.0
Gabriel Martinelli,2001-06-17,6.0,1.0,1000.0,6.0,29.0,2.0,1866.0,1.0,1.0,526.0,8.0,10.0,27.0,24.0,34.0,12.0
Rodrigo,1991-03-05,6.0,0.0,1246.0,1.0,31.0,3.0,2270.0,9.0,0.0,872.0,5.0,4.0,20.0,21.0,27.0,26.0
Christian Pulisic,1998-09-17,6.0,0.0,747.0,2.0,22.0,3.0,1286.0,2.0,0.0,437.0,6.0,4.0,10.0,15.0,25.0,8.0
Jacob Ramsey,2001-05-27,6.0,7.0,1472.0,1.0,34.0,7.0,2476.0,6.0,0.0,1014.0,3.0,1.0,67.0,32.0,36.0,25.0
Youri Tielemans,1997-05-06,6.0,13.0,2229.0,4.0,32.0,4.0,2633.0,3.0,0.0,1708.0,1.0,0.0,74.0,32.0,30.0,36.0
Danny Welbeck,1990-11-25,6.0,2.0,523.0,2.0,25.0,3.0,1477.0,0.0,0.0,273.0,12.0,4.0,14.0,17.0,22.0,18.0
Roberto Firmino,1991-10-01,5.0,0.0,717.0,4.0,20.0,3.0,985.0,3.0,0.0,486.0,1.0,3.0,23.0,7.0,25.0,3.0
Dominic Calvert-Lewin,1997-03-15,5.0,2.0,478.0,2.0,17.0,0.0,1285.0,2.0,0.0,277.0,3.0,4.0,11.0,17.0,13.0,12.0
Philippe Coutinho,1992-06-11,5.0,1.0,882.0,3.0,19.0,0.0,1339.0,0.0,0.0,629.0,2.0,4.0,17.0,8.0,20.0,4.0
Patson Daka,1998-10-08,5.0,0.0,400.0,3.0,23.0,1.0,1161.0,2.0,0.0,220.0,4.0,7.0,15.0,17.0,18.0,8.0
Gabriel Magalhães,1997-12-18,5.0,26.0,2397.0,0.0,35.0,12.0,3068.0,6.0,1.0,2038.0,0.0,1.0,50.0,23.0,5.0,109.0
Demarai Gray,1996-06-27,5.0,2.0,1225.0,4.0,34.0,0.0,2347.0,3.0,0.0,633.0,0.0,3.0,30.0,12.0,36.0,13.0
Mason Greenwood,2001-09-30,5.0,0.0,711.0,1.0,18.0,0.0,1278.0,1.0,0.0,464.0,4.0,3.0,15.0,15.0,16.0,6.0
Bruno Guimarães,1997-11-15,5.0,6.0,797.0,1.0,17.0,1.0,1033.0,4.0,0.0,505.0,1.0,4.0,44.0,13.0,29.0,12.0
Cucho Hernández,1999-04-19,5.0,1.0,589.0,2.0,25.0,0.0,1140.0,3.0,0.0,337.0,1.0,1.0,13.0,13.0,14.0,9.0
Hwang Hee-Chan,1996-01-25,5.0,0.0,951.0,1.0,30.0,0.0,1819.0,2.0,0.0,626.0,4.0,3.0,27.0,29.0,24.0,7.0
Reece James,1999-12-07,5.0,2.0,1979.0,9.0,26.0,5.0,1865.0,4.0,1.0,1379.0,1.0,4.0,33.0,20.0,22.0,18.0
Joshua King,1992-01-14,5.0,4.0,929.0,3.0,32.0,2.0,2249.0,5.0,0.0,499.0,10.0,8.0,19.0,43.0,42.0,29.0
Dejan Kulusevski,2000-04-24,5.0,0.0,705.0,8.0,18.0,2.0,1265.0,3.0,0.0,456.0,2.0,4.0,19.0,20.0,18.0,2.0
Manuel Lanzini,1993-02-14,5.0,0.0,1473.0,3.0,30.0,3.0,1787.0,2.0,0.0,1202.0,1.0,1.0,28.0,11.0,16.0,10.0
Alexis Mac Allister,1998-12-23,5.0,7.0,1459.0,2.0,33.0,4.0,2116.0,4.0,0.0,995.0,4.0,4.0,65.0,30.0,23.0,16.0
Jean-Philippe Mateta,1997-06-27,5.0,3.0,427.0,1.0,22.0,0.0,1148.0,2.0,0.0,230.0,4.0,13.0,8.0,16.0,23.0,13.0
Eddie Nketiah,1999-05-29,5.0,2.0,398.0,1.0,21.0,0.0,824.0,3.0,0.0,224.0,3.0,5.0,9.0,17.0,11.0,5.0
Allan Saint-Maximin,1997-03-11,5.0,2.0,1431.0,5.0,35.0,3.0,2809.0,6.0,0.0,675.0,4.0,13.0,13.0,22.0,90.0,2.0
Ismaïla Sarr,1998-02-24,5.0,1.0,831.0,2.0,22.0,1.0,1864.0,2.0,0.0,413.0,4.0,12.0,12.0,17.0,40.0,9.0
Tomás Soucek,1995-02-26,5.0,13.0,1820.0,1.0,35.0,5.0,3062.0,3.0,0.0,1344.0,1.0,4.0,66.0,39.0,16.0,97.0
Fabinho,1993-10-22,5.0,10.0,1847.0,1.0,29.0,14.0,2316.0,7.0,0.0,1542.0,3.0,0.0,46.0,40.0,13.0,23.0
Chris Wood,1991-12-06,5.0,6.0,934.0,0.0,34.0,5.0,2705.0,1.0,0.0,626.0,9.0,26.0,9.0,33.0,20.0,12.0
Marcos Alonso,1990-12-27,4.0,5.0,1877.0,4.0,28.0,7.0,2172.0,8.0,0.0,1135.0,1.0,3.0,41.0,25.0,25.0,50.0
Joelinton,1996-08-13,4.0,11.0,1537.0,1.0,35.0,6.0,2558.0,8.0,0.0,911.0,3.0,3.0,72.0,64.0,60.0,47.0
Pierre-Emerick Aubameyang,1989-06-17,4.0,1.0,334.0,1.0,14.0,4.0,1039.0,3.0,0.0,194.0,6.0,10.0,11.0,15.0,4.0,4.0
Jan Bednarek,1996-04-11,4.0,27.0,1869.0,0.0,31.0,7.0,2631.0,10.0,0.0,1445.0,3.0,1.0,32.0,30.0,4.0,139.0
Christian Benteke,1990-12-02,4.0,3.0,494.0,1.0,25.0,1.0,1136.0,3.0,0.0,298.0,8.0,10.0,3.0,16.0,17.0,33.0
Emiliano Buendía,1996-12-24,4.0,3.0,1267.0,6.0,35.0,0.0,1901.0,1.0,0.0,851.0,3.0,3.0,38.0,17.0,41.0,9.0
Matty Cash,1997-08-06,4.0,16.0,2214.0,3.0,38.0,10.0,3380.0,8.0,0.0,1219.0,1.0,2.0,89.0,38.0,31.0,82.0
Conor Coady,1993-02-24,4.0,40.0,1987.0,0.0,38.0,11.0,3363.0,5.0,0.0,1687.0,1.0,2.0,31.0,20.0,1.0,139.0
Rúben Neves,1997-03-12,4.0,5.0,2365.0,2.0,33.0,9.0,2662.0,9.0,0.0,1929.0,0.0,1.0,68.0,25.0,17.0,46.0
Luis Díaz,1997-01-12,4.0,0.0,660.0,3.0,13.0,2.0,960.0,0.0,0.0,439.0,3.0,3.0,9.0,14.0,26.0,2.0
Mohamed Elyounoussi,1994-08-03,4.0,2.0,1020.0,2.0,30.0,4.0,2042.0,4.0,0.0,604.0,6.0,1.0,36.0,28.0,38.0,26.0
Anthony Gordon,2001-02-23,4.0,3.0,1263.0,2.0,35.0,4.0,2284.0,4.0,0.0,613.0,2.0,8.0,54.0,25.0,37.0,8.0
Kelechi Iheanacho,1996-10-02,4.0,0.0,584.0,5.0,26.0,0.0,1259.0,1.0,0.0,349.0,3.0,7.0,10.0,17.0,21.0,10.0
Dan James,1997-11-09,4.0,1.0,895.0,4.0,34.0,3.0,2500.0,7.0,1.0,470.0,8.0,15.0,26.0,31.0,25.0,11.0
Vitaly Janelt,1998-05-09,4.0,7.0,1321.0,0.0,31.0,5.0,2307.0,3.0,0.0,950.0,2.0,3.0,61.0,26.0,11.0,30.0
Alexandre Lacazette,1991-05-27,4.0,1.0,723.0,7.0,30.0,2.0,1789.0,0.0,0.0,444.0,6.0,6.0,27.0,32.0,29.0,5.0
Aymeric Laporte,1994-05-26,4.0,10.0,3166.0,0.0,33.0,15.0,2834.0,5.0,1.0,2920.0,5.0,2.0,33.0,14.0,7.0,61.0
Bryan Mbeumo,1999-08-06,4.0,6.0,1318.0,7.0,35.0,4.0,2915.0,4.0,0.0,730.0,9.0,13.0,28.0,20.0,57.0,14.0
Marcus Rashford,1997-10-30,4.0,1.0,639.0,2.0,25.0,1.0,1232.0,2.0,0.0,393.0,2.0,15.0,6.0,13.0,26.0,4.0
Fred,1993-03-04,4.0,11.0,1719.0,4.0,28.0,4.0,2035.0,5.0,0.0,1343.0,1.0,0.0,63.0,31.0,25.0,20.0
Jeffrey Schlupp,1992-12-22,4.0,9.0,1059.0,1.0,32.0,6.0,1846.0,1.0,0.0,641.0,1.0,0.0,46.0,26.0,33.0,31.0
Timo Werner,1996-03-05,4.0,0.0,596.0,1.0,21.0,3.0,1286.0,1.0,0.0,372.0,5.0,11.0,8.0,11.0,19.0,4.0
Hakim Ziyech,1993-03-18,4.0,1.0,1057.0,3.0,23.0,3.0,1315.0,3.0,0.0,632.0,1.0,5.0,19.0,24.0,24.0,8.0
Jordan Ayew,1991-09-10,3.0,3.0,1265.0,3.0,31.0,1.0,2023.0,2.0,0.0,669.0,4.0,2.0,47.0,38.0,77.0,12.0
Steven Bergwijn,1997-10-07,3.0,0.0,291.0,1.0,25.0,0.0,550.0,1.0,0.0,165.0,3.0,1.0,3.0,9.0,14.0,7.0
Sergi Canós,1997-02-01,3.0,3.0,1146.0,2.0,31.0,2.0,2094.0,6.0,1.0,668.0,2.0,5.0,56.0,28.0,25.0,35.0
Trevoh Chalobah,1999-07-04,3.0,6.0,1474.0,1.0,20.0,9.0,1449.0,2.0,0.0,1270.0,0.0,0.0,40.0,19.0,7.0,42.0
Ben Chilwell,1996-12-20,3.0,0.0,442.0,1.0,7.0,4.0,541.0,0.0,0.0,270.0,2.0,2.0,8.0,10.0,3.0,14.0
Thiago Silva,1984-09-21,3.0,31.0,2937.0,0.0,32.0,10.0,2651.0,2.0,0.0,2622.0,0.0,1.0,32.0,12.0,3.0,95.0
Jack Grealish,1995-09-09,3.0,1.0,1291.0,3.0,26.0,10.0,1917.0,3.0,0.0,928.0,6.0,5.0,18.0,17.0,29.0,6.0
Rico Henry,1997-07-07,3.0,10.0,1626.0,0.0,34.0,7.0,2784.0,2.0,0.0,1023.0,1.0,1.0,28.0,20.0,34.0,56.0
Pontus Jansson,1991-02-12,3.0,27.0,1919.0,1.0,37.0,7.0,3322.0,7.0,0.0,1489.0,5.0,5.0,40.0,15.0,5.0,186.0
João Pedro,2001-09-25,3.0,3.0,1038.0,1.0,28.0,1.0,1638.0,1.0,0.0,548.0,6.0,6.0,20.0,13.0,58.0,17.0
Michael Keane,1993-01-10,3.0,28.0,1573.0,2.0,32.0,7.0,2792.0,2.0,1.0,1211.0,1.0,1.0,46.0,16.0,2.0,128.0
Naby Keïta,1995-02-09,3.0,2.0,979.0,1.0,23.0,2.0,1173.0,3.0,0.0,743.0,1.0,0.0,46.0,21.0,10.0,3.0
Diego Llorente,1993-08-15,3.0,17.0,1704.0,0.0,28.0,5.0,2343.0,7.0,0.0,1357.0,1.0,0.0,53.0,23.0,3.0,75.0
Joël Matip,1991-08-07,3.0,14.0,2690.0,3.0,31.0,17.0,2790.0,2.0,0.0,2319.0,2.0,0.0,47.0,13.0,7.0,90.0
John McGinn,1994-10-17,3.0,6.0,1917.0,4.0,35.0,9.0,3092.0,8.0,0.0,1242.0,1.0,0.0,106.0,57.0,28.0,28.0
Ben Mee,1989-09-20,3.0,22.0,1003.0,0.0,21.0,6.0,1840.0,3.0,0.0,751.0,2.0,2.0,26.0,9.0,0.0,92.0
Takumi Minamino,1995-01-15,3.0,0.0,105.0,0.0,11.0,0.0,178.0,1.0,0.0,68.0,0.0,0.0,3.0,4.0,5.0,2.0
Christian Nørgaard,1994-03-09,3.0,9.0,2181.0,4.0,35.0,6.0,3059.0,8.0,0.0,1665.0,4.0,0.0,109.0,56.0,26.0,56.0
Divock Origi,1995-04-17,3.0,0.0,69.0,0.0,7.0,0.0,126.0,0.0,0.0,37.0,0.0,0.0,0.0,2.0,3.0,2.0
Andrew Robertson,1994-03-10,3.0,3.0,2618.0,10.0,29.0,16.0,2541.0,5.0,1.0,1928.0,0.0,4.0,36.0,19.0,15.0,51.0
Antonio Rüdiger,1993-03-02,3.0,11.0,2860.0,0.0,34.0,14.0,3035.0,9.0,0.0,2497.0,3.0,0.0,48.0,35.0,8.0,87.0
Jadon Sancho,2000-03-24,3.0,0.0,1277.0,3.0,29.0,0.0,1902.0,0.0,0.0,935.0,3.0,7.0,14.0,4.0,27.0,5.0
Andros Townsend,1991-07-15,3.0,2.0,787.0,2.0,21.0,2.0,1458.0,3.0,0.0,393.0,0.0,1.0,31.0,10.0,19.0,4.0
Virgil van Dijk,1991-07-07,3.0,14.0,2921.0,1.0,34.0,21.0,3060.0,3.0,0.0,2646.0,1.0,0.0,16.0,9.0,3.0,107.0
Nathan Aké,1995-02-17,2.0,5.0,967.0,0.0,14.0,5.0,920.0,0.0,0.0,850.0,1.0,0.0,16.0,9.0,3.0,21.0
Trent Alexander-Arnold,1998-10-06,2.0,4.0,3107.0,12.0,32.0,17.0,2853.0,2.0,0.0,2155.0,0.0,11.0,40.0,12.0,19.0,33.0
Adam Armstrong,1997-02-09,2.0,1.0,531.0,2.0,23.0,2.0,1414.0,1.0,0.0,303.0,4.0,2.0,10.0,13.0,13.0,6.0
Stuart Armstrong,1992-03-29,2.0,1.0,1019.0,0.0,25.0,0.0,1468.0,1.0,0.0,698.0,2.0,1.0,27.0,11.0,27.0,13.0
Luke Ayling,1991-08-24,2.0,25.0,1964.0,2.0,26.0,2.0,2275.0,4.0,1.0,1418.0,0.0,2.0,74.0,22.0,10.0,50.0
Patrick Bamford,1993-09-04,2.0,2.0,189.0,2.0,9.0,0.0,559.0,2.0,0.0,104.0,2.0,5.0,1.0,5.0,3.0,8.0
Josh Brownhill,1995-12-18,2.0,12.0,1607.0,3.0,35.0,7.0,2953.0,10.0,0.0,1124.0,0.0,0.0,73.0,39.0,18.0,40.0
Daniel Podence,1995-10-20,2.0,1.0,905.0,3.0,26.0,2.0,1481.0,2.0,0.0,576.0,1.0,3.0,18.0,8.0,34.0,0.0
Jonny,1994-03-02,2.0,3.0,784.0,0.0,13.0,1.0,1022.0,1.0,0.0,507.0,0.0,0.0,25.0,10.0,20.0,8.0
Edinson Cavani,1987-02-13,2.0,0.0,314.0,1.0,15.0,0.0,764.0,0.0,0.0,230.0,6.0,6.0,4.0,7.0,4.0,5.0
Nathan Collins,2001-04-29,2.0,25.0,911.0,0.0,19.0,5.0,1669.0,2.0,1.0,630.0,2.0,4.0,37.0,20.0,4.0,81.0
Aaron Cresswell,1989-12-14,2.0,18.0,2361.0,3.0,31.0,7.0,2728.0,3.0,0.0,1709.0,0.0,2.0,28.0,14.0,4.0,64.0
Craig Dawson,1990-05-05,2.0,52.0,1632.0,2.0,34.0,5.0,2754.0,4.0,1.0,1276.0,2.0,1.0,29.0,39.0,5.0,138.0
Leander Dendoncker,1995-04-14,2.0,10.0,1059.0,2.0,30.0,4.0,1946.0,4.0,0.0,812.0,2.0,0.0,42.0,13.0,9.0,34.0
Matt Doherty,1992-01-15,2.0,2.0,666.0,4.0,15.0,2.0,874.0,0.0,0.0,452.0,3.0,0.0,18.0,11.0,6.0,19.0
Rúben Dias,1997-05-13,2.0,13.0,2497.0,4.0,29.0,12.0,2403.0,5.0,0.0,2267.0,3.0,2.0,26.0,27.0,3.0,65.0
Abdoulaye Doucouré,1992-12-31,2.0,8.0,1469.0,4.0,30.0,5.0,2538.0,6.0,0.0,1083.0,1.0,1.0,75.0,39.0,22.0,30.0
Anthony Elanga,2002-04-26,2.0,1.0,671.0,2.0,21.0,1.0,1214.0,0.0,0.0,413.0,3.0,3.0,26.0,8.0,15.0,5.0
Ryan Fraser,1994-02-23,2.0,1.0,631.0,3.0,27.0,2.0,1470.0,3.0,0.0,386.0,1.0,2.0,10.0,10.0,11.0,8.0
Joe Gelhardt,2002-05-03,2.0,0.0,326.0,2.0,20.0,0.0,738.0,4.0,0.0,160.0,3.0,5.0,4.0,17.0,19.0,3.0
Pascal Groß,1991-06-14,2.0,8.0,1578.0,4.0,29.0,6.0,2043.0,1.0,0.0,1111.0,2.0,4.0,28.0,15.0,15.0,21.0
Marc Guéhi,2000-07-12,2.0,26.0,2720.0,1.0,36.0,10.0,3223.0,4.0,0.0,2346.0,2.0,0.0,35.0,14.0,7.0,126.0
Jordan Henderson,1990-06-16,2.0,1.0,2491.0,5.0,35.0,9.0,2603.0,3.0,0.0,2157.0,1.0,3.0,36.0,23.0,12.0,11.0
Mason Holgate,1996-10-21,2.0,17.0,1124.0,1.0,25.0,5.0,2133.0,7.0,1.0,843.0,2.0,0.0,35.0,26.0,7.0,93.0
Pierre-Emile Højbjerg,1995-08-04,2.0,13.0,3059.0,2.0,36.0,14.0,3198.0,3.0,0.0,2531.0,2.0,0.0,78.0,28.0,22.0,52.0
Alex Iwobi,1996-05-02,2.0,3.0,1126.0,2.0,28.0,5.0,2037.0,1.0,0.0,696.0,3.0,3.0,40.0,16.0,27.0,25.0
N'Golo Kanté,1991-03-28,2.0,2.0,1628.0,4.0,26.0,6.0,1778.0,2.0,0.0,1292.0,3.0,0.0,59.0,22.0,28.0,8.0
Ezri Konsa,1997-10-22,2.0,22.0,1286.0,0.0,29.0,8.0,2481.0,4.0,2.0,1005.0,2.0,1.0,25.0,18.0,6.0,82.0
Mateo Kovacic,1994-05-05,2.0,4.0,1460.0,5.0,25.0,6.0,1556.0,4.0,0.0,1193.0,1.0,0.0,51.0,24.0,22.0,9.0
Aaron Lennon,1987-04-15,2.0,4.0,601.0,0.0,28.0,2.0,1548.0,2.0,0.0,336.0,0.0,4.0,33.0,19.0,13.0,8.0
Jesse Lingard,1992-12-14,2.0,0.0,210.0,0.0,16.0,0.0,356.0,1.0,0.0,145.0,0.0,1.0,9.0,5.0,5.0,1.0
Trincão,1999-12-28,2.0,1.0,762.0,1.0,28.0,0.0,1339.0,0.0,0.0,427.0,6.0,1.0,28.0,13.0,18.0,0.0
Enock Mwepu,1997-12-31,2.0,2.0,591.0,4.0,18.0,1.0,994.0,2.0,0.0,385.0,3.0,2.0,22.0,18.0,9.0,16.0
Michael Olise,2001-12-11,2.0,0.0,914.0,5.0,26.0,1.0,1137.0,4.0,0.0,547.0,0.0,1.0,22.0,16.0,21.0,6.0
Alex Oxlade-Chamberlain,1993-08-14,2.0,2.0,537.0,1.0,17.0,0.0,787.0,0.0,0.0,378.0,0.0,2.0,15.0,10.0,10.0,5.0
Thomas Partey,1993-06-12,2.0,4.0,1527.0,1.0,24.0,7.0,2032.0,5.0,0.0,1205.0,2.0,0.0,43.0,33.0,17.0,34.0
Ayoze Pérez,1993-07-28,2.0,1.0,260.0,3.0,14.0,0.0,442.0,0.0,1.0,150.0,1.0,0.0,4.0,6.0,12.0,4.0
Sergio Reguilón,1996-12-15,2.0,8.0,1308.0,3.0,25.0,6.0,1922.0,4.0,0.0,771.0,3.0,1.0,40.0,22.0,13.0,39.0
Lucas Moura,1992-08-12,2.0,0.0,1152.0,6.0,34.0,2.0,1772.0,4.0,0.0,725.0,1.0,3.0,25.0,20.0,33.0,18.0
Jay Rodríguez,1989-07-28,2.0,1.0,530.0,2.0,29.0,3.0,1374.0,3.0,0.0,302.0,4.0,17.0,20.0,31.0,13.0,12.0
Oriol Romeu,1991-09-23,2.0,8.0,2111.0,2.0,36.0,6.0,2895.0,9.0,0.0,1673.0,1.0,0.0,77.0,46.0,16.0,40.0
Fernandinho,1985-05-03,2.0,2.0,956.0,1.0,19.0,2.0,958.0,1.0,0.0,838.0,2.0,0.0,21.0,14.0,7.0,13.0
Romain Saïss,1990-03-25,2.0,21.0,2207.0,0.0,31.0,11.0,2708.0,6.0,0.0,1781.0,2.0,3.0,40.0,30.0,5.0,149.0
Davinson Sánchez,1996-06-11,2.0,16.0,1347.0,0.0,23.0,10.0,1626.0,4.0,0.0,1126.0,1.0,1.0,41.0,16.0,2.0,54.0
João Moutinho,1986-09-07,2.0,8.0,2396.0,1.0,35.0,10.0,2975.0,4.0,0.0,1920.0,0.0,0.0,74.0,36.0,20.0,32.0
Josh Sargent,2000-02-19,2.0,2.0,696.0,1.0,26.0,1.0,1578.0,1.0,0.0,393.0,2.0,4.0,26.0,9.0,25.0,17.0
Fabian Schär,1991-12-19,2.0,18.0,1271.0,2.0,25.0,6.0,2161.0,4.0,0.0,986.0,0.0,3.0,16.0,24.0,5.0,95.0
Jonjo Shelvey,1992-02-26,2.0,7.0,1139.0,1.0,24.0,6.0,1985.0,5.0,1.0,899.0,0.0,0.0,30.0,18.0,5.0,19.0
Moussa Sissoko,1989-08-15,2.0,13.0,1682.0,1.0,36.0,4.0,3221.0,5.0,0.0,1144.0,5.0,2.0,53.0,35.0,53.0,60.0
Douglas Luiz,1998-05-08,2.0,7.0,1936.0,3.0,34.0,5.0,2720.0,7.0,0.0,1452.0,0.0,0.0,59.0,37.0,17.0,22.0
Ferran Torres,2000-02-28,2.0,0.0,108.0,1.0,4.0,1.0,305.0,0.0,0.0,70.0,1.0,1.0,2.0,1.0,2.0,0.0
Kieran Trippier,1990-09-18,2.0,3.0,354.0,0.0,6.0,1.0,429.0,0.0,0.0,203.0,0.0,0.0,17.0,3.0,1.0,10.0
Donny van de Beek,1997-04-17,2.0,3.0,382.0,0.0,15.0,1.0,552.0,1.0,0.0,275.0,0.0,0.0,21.0,9.0,9.0,5.0
Matej Vydra,1992-04-30,2.0,1.0,228.0,3.0,22.0,1.0,666.0,1.0,0.0,102.0,1.0,5.0,12.0,9.0,8.0,9.0
Adam Webster,1995-01-03,2.0,17.0,1355.0,0.0,22.0,4.0,1431.0,5.0,0.0,1152.0,1.0,0.0,26.0,16.0,1.0,62.0
Wout Weghorst,1992-08-06,2.0,5.0,685.0,3.0,20.0,2.0,1457.0,3.0,0.0,426.0,6.0,9.0,17.0,30.0,29.0,13.0
Joe Willock,1999-08-19,2.0,6.0,971.0,0.0,29.0,3.0,2042.0,0.0,0.0,544.0,3.0,0.0,64.0,34.0,20.0,8.0
Rayan Aït-Nouri,2001-06-05,1.0,2.0,1398.0,2.0,23.0,5.0,1827.0,4.0,0.0,754.0,0.0,3.0,64.0,14.0,27.0,30.0
Kristoffer Ajer,1998-04-16,1.0,11.0,1151.0,3.0,24.0,5.0,1987.0,5.0,0.0,723.0,0.0,0.0,29.0,12.0,7.0,71.0
Marc Albrighton,1989-11-17,1.0,3.0,749.0,2.0,17.0,2.0,1127.0,3.0,0.0,427.0,1.0,2.0,31.0,6.0,8.0,14.0
Thiago Alcântara,1991-04-10,1.0,2.0,1756.0,4.0,25.0,3.0,1533.0,2.0,0.0,1498.0,1.0,0.0,48.0,19.0,13.0,12.0
Dele Alli,1996-04-10,1.0,7.0,624.0,0.0,21.0,3.0,988.0,4.0,0.0,366.0,1.0,4.0,21.0,21.0,25.0,23.0
Miguel Almirón,1994-02-09,1.0,1.0,811.0,0.0,30.0,0.0,1720.0,2.0,0.0,485.0,0.0,9.0,47.0,17.0,24.0,10.0
Cédric Soares,1991-08-30,1.0,7.0,1295.0,1.0,21.0,3.0,1485.0,3.0,0.0,874.0,0.0,3.0,38.0,15.0,11.0,30.0
César Azpilicueta,1989-08-27,1.0,9.0,2067.0,2.0,27.0,5.0,2074.0,3.0,0.0,1605.0,2.0,2.0,51.0,25.0,10.0,61.0
Leon Bailey,1997-08-08,1.0,1.0,400.0,2.0,18.0,1.0,756.0,3.0,0.0,188.0,0.0,4.0,17.0,12.0,24.0,2.0
Shandon Baptiste,1998-04-07,1.0,0.0,462.0,0.0,22.0,0.0,905.0,0.0,1.0,298.0,0.0,1.0,14.0,6.0,12.0,11.0
Ricardo Pereira,1993-10-05,1.0,1.0,858.0,3.0,14.0,1.0,992.0,3.0,0.0,538.0,0.0,0.0,37.0,6.0,6.0,29.0
Ross Barkley,1993-12-04,1.0,0.0,166.0,0.0,6.0,0.0,176.0,0.0,0.0,121.0,2.0,0.0,0.0,2.0,7.0,0.0
Ashley Barnes,1989-10-29,1.0,1.0,338.0,0.0,23.0,0.0,800.0,4.0,0.0,190.0,1.0,9.0,11.0,21.0,22.0,5.0
Yves Bissouma,1996-08-29,1.0,3.0,1594.0,2.0,26.0,6.0,2116.0,10.0,0.0,1187.0,1.0,0.0,76.0,30.0,25.0,47.0
Jarrad Branthwaite,2002-06-26,1.0,2.0,165.0,0.0,6.0,0.0,388.0,0.0,1.0,115.0,0.0,0.0,4.0,3.0,1.0,20.0
Dan Burn,1992-05-08,1.0,24.0,1597.0,1.0,29.0,9.0,2462.0,8.0,0.0,1220.0,1.0,5.0,38.0,26.0,4.0,144.0
Moisés Caicedo,2001-11-01,1.0,4.0,390.0,1.0,8.0,2.0,664.0,2.0,0.0,274.0,0.0,1.0,16.0,7.0,10.0,7.0
Timothy Castagne,1995-12-04,1.0,9.0,1638.0,0.0,27.0,4.0,2126.0,1.0,0.0,1102.0,2.0,1.0,67.0,15.0,11.0,46.0
João Cancelo,1994-05-26,1.0,3.0,3908.0,7.0,36.0,19.0,3228.0,7.0,0.0,2951.0,4.0,2.0,83.0,34.0,24.0,31.0
Calum Chambers,1995-01-19,1.0,11.0,706.0,0.0,13.0,3.0,1000.0,1.0,0.0,560.0,0.0,0.0,21.0,14.0,2.0,49.0
Séamus Coleman,1988-10-10,1.0,11.0,1636.0,0.0,30.0,7.0,2658.0,4.0,0.0,951.0,0.0,2.0,61.0,14.0,20.0,74.0
Jack Cork,1989-06-24,1.0,4.0,772.0,0.0,20.0,6.0,1676.0,4.0,0.0,565.0,0.0,1.0,20.0,31.0,20.0,27.0
Marc Cucurella,1998-07-21,1.0,14.0,2827.0,1.0,35.0,8.0,3092.0,6.0,0.0,1901.0,0.0,3.0,93.0,28.0,15.0,65.0
Stuart Dallas,1991-04-18,1.0,14.0,2176.0,1.0,34.0,4.0,2922.0,5.0,0.0,1352.0,1.0,2.0,93.0,33.0,25.0,56.0
Ben Davies,1993-04-23,1.0,19.0,1936.0,1.0,29.0,11.0,2539.0,6.0,0.0,1582.0,3.0,5.0,36.0,31.0,10.0,73.0
Tom Davies,1998-06-29,1.0,1.0,129.0,0.0,6.0,0.0,232.0,1.0,0.0,81.0,0.0,0.0,3.0,4.0,1.0,8.0
Kiernan Dewsbury-Hall,1998-09-05,1.0,8.0,1625.0,2.0,28.0,6.0,2105.0,4.0,0.0,1148.0,1.0,0.0,39.0,20.0,46.0,23.0
Kieran Dowell,1997-10-09,1.0,1.0,446.0,1.0,19.0,1.0,913.0,0.0,0.0,293.0,2.0,0.0,18.0,19.0,15.0,4.0
Shane Duffy,1991-12-31,1.0,18.0,1230.0,0.0,18.0,4.0,1434.0,7.0,0.0,1029.0,0.0,1.0,15.0,15.0,0.0,75.0
Lewis Dunk,1991-11-20,1.0,28.0,2219.0,0.0,29.0,10.0,2574.0,2.0,1.0,1945.0,1.0,0.0,10.0,9.0,3.0,111.0
Anwar El-Ghazi,1995-05-02,1.0,0.0,211.0,1.0,11.0,1.0,394.0,2.0,0.0,112.0,0.0,2.0,5.0,8.0,7.0,2.0
Christian Eriksen,1992-02-13,1.0,1.0,767.0,4.0,11.0,4.0,938.0,1.0,0.0,544.0,0.0,0.0,13.0,5.0,9.0,12.0
Jonny Evans,1988-01-02,1.0,13.0,1179.0,1.0,18.0,1.0,1350.0,3.0,0.0,1007.0,1.0,0.0,24.0,15.0,0.0,59.0
Eberechi Eze,1998-06-28,1.0,1.0,412.0,1.0,13.0,1.0,602.0,1.0,0.0,273.0,0.0,0.0,10.0,5.0,10.0,1.0
Saman Ghoddos,1993-09-05,1.0,0.0,318.0,1.0,17.0,0.0,528.0,2.0,0.0,190.0,1.0,0.0,17.0,12.0,4.0,10.0
Dan Gosling,1990-01-31,1.0,0.0,91.0,0.0,4.0,1.0,164.0,0.0,0.0,63.0,0.0,0.0,2.0,2.0,1.0,3.0
Grant Hanley,1991-11-19,1.0,45.0,1741.0,0.0,33.0,6.0,2899.0,2.0,0.0,1310.0,2.0,2.0,44.0,22.0,1.0,173.0
Kortney Hause,1995-07-15,1.0,5.0,277.0,0.0,7.0,1.0,397.0,0.0,0.0,222.0,0.0,1.0,3.0,6.0,1.0,12.0
Isaac Hayden,1995-03-21,1.0,8.0,495.0,0.0,14.0,0.0,1002.0,5.0,0.0,332.0,0.0,0.0,28.0,14.0,8.0,23.0
Jeff Hendrick,1992-01-30,1.0,0.0,37.0,0.0,3.0,0.0,70.0,0.0,0.0,29.0,0.0,0.0,1.0,1.0,1.0,1.0
Rob Holding,1995-09-19,1.0,18.0,596.0,0.0,15.0,2.0,840.0,2.0,1.0,476.0,1.0,0.0,13.0,9.0,3.0,42.0
Callum Hudson-Odoi,2000-11-06,1.0,0.0,556.0,2.0,15.0,1.0,966.0,1.0,0.0,354.0,3.0,4.0,14.0,10.0,20.0,5.0
Adam Idah,2001-02-10,1.0,2.0,268.0,1.0,17.0,1.0,620.0,0.0,0.0,132.0,1.0,10.0,9.0,7.0,13.0,7.0
Ben Johnson,2000-01-23,1.0,8.0,978.0,0.0,20.0,3.0,1398.0,1.0,0.0,562.0,0.0,0.0,33.0,10.0,9.0,49.0
Curtis Jones,2001-01-29,1.0,0.0,750.0,1.0,15.0,1.0,855.0,0.0,0.0,587.0,0.0,1.0,11.0,11.0,18.0,3.0
Zanka,1990-04-22,1.0,1.0,393.0,0.0,8.0,1.0,517.0,2.0,0.0,269.0,0.0,0.0,10.0,10.0,3.0,13.0
Hassane Kamara,1994-03-04,1.0,4.0,1238.0,0.0,19.0,3.0,1625.0,3.0,1.0,708.0,0.0,0.0,53.0,24.0,6.0,60.0
Maximilian Kilman,1997-05-22,1.0,21.0,1902.0,0.0,30.0,10.0,2688.0,3.0,0.0,1523.0,3.0,0.0,50.0,17.0,5.0,106.0
Mateusz Klich,1990-06-12,1.0,4.0,1318.0,2.0,33.0,0.0,2079.0,5.0,0.0,977.0,1.0,2.0,47.0,40.0,22.0,18.0
Juraj Kucka,1987-02-25,1.0,9.0,1132.0,1.0,26.0,1.0,1923.0,3.0,1.0,678.0,2.0,2.0,59.0,46.0,19.0,44.0
Jamaal Lascelles,1993-11-10,1.0,28.0,958.0,0.0,26.0,2.0,2055.0,5.0,0.0,690.0,2.0,0.0,15.0,17.0,2.0,121.0
Pierre Lees-Melou,1993-05-24,1.0,11.0,1350.0,0.0,33.0,2.0,2270.0,5.0,0.0,990.0,1.0,2.0,58.0,35.0,17.0,20.0
Emerson Royal,1999-01-13,1.0,2.0,1852.0,1.0,31.0,5.0,2289.0,5.0,0.0,1136.0,2.0,2.0,72.0,28.0,18.0,78.0
Tino Livramento,2002-11-11,1.0,9.0,1588.0,1.0,28.0,6.0,2203.0,2.0,0.0,906.0,1.0,1.0,54.0,12.0,19.0,47.0
Pedro Neto,2000-03-08,1.0,0.0,343.0,1.0,13.0,0.0,465.0,3.0,0.0,199.0,1.0,1.0,4.0,2.0,12.0,1.0
Shane Long,1987-01-21,1.0,0.0,150.0,0.0,13.0,0.0,303.0,1.0,0.0,71.0,0.0,3.0,9.0,9.0,11.0,1.0
Sean Longstaff,1997-10-29,1.0,6.0,824.0,1.0,24.0,2.0,1461.0,1.0,0.0,590.0,1.0,0.0,54.0,14.0,18.0,18.0
Matthew Lowton,1989-06-08,1.0,11.0,1128.0,2.0,25.0,3.0,1771.0,3.0,1.0,648.0,0.0,0.0,38.0,13.0,6.0,62.0
Harry Maguire,1993-03-04,1.0,29.0,1878.0,0.0,30.0,6.0,2514.0,7.0,1.0,1563.0,2.0,1.0,34.0,21.0,5.0,100.0
Javier Manquillo,1994-05-04,1.0,6.0,605.0,2.0,19.0,1.0,1261.0,5.0,0.0,315.0,0.0,1.0,39.0,9.0,3.0,26.0
Anthony Martial,1995-12-04,1.0,0.0,120.0,0.0,8.0,0.0,209.0,0.0,0.0,82.0,2.0,2.0,0.0,0.0,4.0,1.0
Arthur Masuaku,1993-11-06,1.0,1.0,505.0,1.0,13.0,1.0,646.0,1.0,0.0,318.0,0.0,0.0,31.0,8.0,9.0,15.0
Kenny McLean,1992-01-07,1.0,7.0,1458.0,0.0,31.0,4.0,2706.0,3.0,0.0,1035.0,1.0,3.0,42.0,16.0,14.0,51.0
Scott McTominay,1996-12-07,1.0,10.0,1700.0,1.0,30.0,6.0,2392.0,9.0,0.0,1233.0,1.0,1.0,65.0,55.0,32.0,60.0
Tyrone Mings,1993-03-12,1.0,30.0,2086.0,3.0,36.0,11.0,3188.0,11.0,0.0,1659.0,0.0,1.0,23.0,27.0,4.0,150.0
Jacob Murphy,1995-02-23,1.0,2.0,860.0,2.0,33.0,0.0,1459.0,4.0,0.0,451.0,4.0,2.0,49.0,16.0,21.0,16.0
Vitalii Mykolenko,1999-05-28,1.0,2.0,628.0,0.0,13.0,3.0,1056.0,0.0,0.0,320.0,1.0,0.0,25.0,13.0,4.0,27.0
Tanguy Ndombélé,1996-12-27,1.0,0.0,380.0,1.0,9.0,0.0,486.0,1.0,0.0,264.0,0.0,0.0,10.0,3.0,20.0,1.0
Mark Noble,1987-05-07,1.0,1.0,339.0,0.0,11.0,0.0,327.0,0.0,0.0,297.0,1.0,0.0,8.0,3.0,4.0,2.0
Mathias Normann,1996-05-27,1.0,8.0,1059.0,2.0,23.0,3.0,1652.0,6.0,0.0,747.0,0.0,1.0,34.0,37.0,17.0,40.0
Angelo Ogbonna,1988-05-22,1.0,4.0,548.0,0.0,11.0,3.0,922.0,1.0,0.0,474.0,0.0,0.0,7.0,5.0,1.0,26.0
Andrew Omobamidele,2002-06-22,1.0,8.0,286.0,0.0,5.0,0.0,381.0,1.0,0.0,227.0,0.0,0.0,8.0,3.0,0.0,13.0
Nicolas Pépé,1995-05-28,1.0,1.0,549.0,2.0,20.0,2.0,681.0,0.0,0.0,319.0,3.0,4.0,8.0,8.0,18.0,2.0
Ethan Pinnock,1993-05-28,1.0,11.0,2033.0,1.0,32.0,7.0,2697.0,1.0,0.0,1416.0,1.0,1.0,51.0,9.0,7.0,148.0
Paul Pogba,1993-03-14,1.0,0.0,1164.0,9.0,20.0,2.0,1354.0,7.0,1.0,877.0,4.0,0.0,13.0,39.0,27.0,16.0
Milot Rashica,1996-06-27,1.0,3.0,1015.0,2.0,31.0,1.0,2236.0,0.0,0.0,459.0,3.0,13.0,31.0,23.0,38.0,22.0
Nathan Redmond,1994-03-05,1.0,2.0,973.0,5.0,27.0,4.0,1833.0,0.0,0.0,670.0,1.0,3.0,22.0,16.0,15.0,13.0
Declan Rice,1999-01-13,1.0,21.0,2650.0,4.0,36.0,8.0,3178.0,8.0,0.0,2153.0,1.0,0.0,80.0,28.0,20.0,49.0
Tyler Roberts,1999-01-11,1.0,1.0,476.0,1.0,23.0,0.0,977.0,5.0,0.0,280.0,1.0,3.0,16.0,14.0,14.0,10.0
Connor Roberts,1995-09-22,1.0,5.0,1088.0,1.0,21.0,6.0,1691.0,2.0,0.0,646.0,0.0,1.0,20.0,7.0,6.0,52.0
Mads Roerslev,1999-06-23,1.0,5.0,510.0,1.0,21.0,1.0,1233.0,1.0,0.0,297.0,0.0,2.0,23.0,18.0,4.0,26.0
Cristian Romero,1998-04-26,1.0,21.0,1623.0,0.0,22.0,5.0,1846.0,8.0,0.0,1316.0,0.0,2.0,62.0,28.0,5.0,72.0
Salomón Rondón,1989-09-15,1.0,0.0,304.0,1.0,20.0,1.0,783.0,3.0,1.0,186.0,2.0,5.0,6.0,12.0,10.0,10.0
Çaglar Söyüncü,1996-05-22,1.0,27.0,2251.0,0.0,28.0,5.0,2498.0,5.0,0.0,1920.0,0.0,1.0,47.0,24.0,3.0,112.0
John Stones,1994-05-27,1.0,3.0,1088.0,0.0,14.0,8.0,1118.0,0.0,0.0,975.0,1.0,0.0,5.0,3.0,1.0,25.0
Pascal Struijk,1999-08-10,1.0,23.0,1565.0,0.0,29.0,0.0,2051.0,6.0,1.0,1254.0,4.0,1.0,61.0,25.0,5.0,56.0
Matt Targett,1995-09-17,1.0,13.0,1980.0,1.0,33.0,8.0,2873.0,3.0,0.0,1194.0,1.0,1.0,75.0,24.0,9.0,60.0
James Tarkowski,1992-11-18,1.0,61.0,1667.0,2.0,35.0,7.0,3107.0,11.0,0.0,1180.0,5.0,2.0,64.0,30.0,5.0,183.0
Kieran Tierney,1997-06-04,1.0,5.0,1388.0,3.0,22.0,9.0,1918.0,0.0,0.0,904.0,0.0,1.0,18.0,5.0,8.0,49.0
James Tomkins,1989-03-28,1.0,8.0,378.0,0.0,8.0,0.0,546.0,2.0,0.0,319.0,0.0,0.0,8.0,7.0,0.0,18.0
Adama Traoré,1996-01-24,1.0,1.0,610.0,0.0,20.0,1.0,1063.0,0.0,0.0,298.0,3.0,9.0,8.0,10.0,29.0,1.0
Raphaël Varane,1993-04-24,1.0,9.0,1351.0,1.0,22.0,5.0,1829.0,0.0,0.0,1151.0,1.0,0.0,28.0,5.0,0.0,78.0
Nuno Tavares,2000-01-25,1.0,5.0,954.0,1.0,22.0,3.0,1170.0,2.0,0.0,586.0,0.0,1.0,21.0,23.0,13.0,30.0
Joël Veltman,1992-01-14,1.0,16.0,2317.0,1.0,34.0,8.0,2881.0,6.0,0.0,1584.0,1.0,0.0,74.0,39.0,10.0,85.0
Nikola Vlasic,1997-10-03,1.0,0.0,313.0,0.0,19.0,0.0,554.0,0.0,0.0,203.0,0.0,3.0,11.0,8.0,9.0,1.0
Kyle Walker-Peters,1997-04-12,1.0,8.0,1862.0,2.0,32.0,6.0,2632.0,5.0,0.0,1088.0,0.0,3.0,57.0,27.0,43.0,42.0
Granit Xhaka,1992-09-26,1.0,6.0,1862.0,2.0,27.0,5.0,2331.0,10.0,1.0,1543.0,0.0,2.0,32.0,29.0,23.0,28.0
Andrii Yarmolenko,1989-10-22,1.0,2.0,155.0,0.0,19.0,0.0,304.0,1.0,0.0,101.0,1.0,3.0,4.0,1.0,1.0,1.0
Kurt Zouma,1994-10-26,1.0,26.0,1260.0,0.0,24.0,5.0,2080.0,1.0,0.0,996.0,0.0,0.0,11.0,11.0,0.0,132.0
Sam Byram,1993-09-15,0.0,11.0,686.0,0.0,15.0,2.0,1024.0,3.0,0.0,441.0,0.0,0.0,24.0,12.0,4.0,45.0
Kiko Femenía,1991-02-01,0.0,8.0,1481.0,5.0,27.0,2.0,2149.0,2.0,0.0,877.0,0.0,2.0,35.0,12.0,7.0,51.0
Ruben Loftus-Cheek,1996-01-22,0.0,6.0,1275.0,2.0,24.0,2.0,1387.0,1.0,0.0,959.0,0.0,2.0,29.0,18.0,33.0,17.0
Yerry Mina,1994-09-22,0.0,9.0,473.0,0.0,13.0,2.0,847.0,3.0,0.0,356.0,0.0,1.0,12.0,5.0,1.0,37.0
Frank Onyeka,1997-12-31,0.0,2.0,519.0,0.0,20.0,1.0,1050.0,4.0,0.0,313.0,0.0,0.0,25.0,33.0,14.0,13.0
Eric Dier,1994-01-14,0.0,32.0,2630.0,0.0,35.0,16.0,3072.0,1.0,0.0,2325.0,3.0,0.0,15.0,12.0,2.0,141.0
Ben Gibson,1993-01-14,0.0,30.0,1674.0,0.0,28.0,6.0,2495.0,3.0,1.0,1366.0,2.0,0.0,23.0,12.0,2.0,137.0
Craig Cathcart,1989-02-05,0.0,29.0,1226.0,1.0,31.0,3.0,2395.0,3.0,0.0,903.0,0.0,0.0,32.0,13.0,2.0,129.0
Mohammed Salisu,1999-04-16,0.0,26.0,2347.0,0.0,34.0,6.0,2972.0,8.0,1.0,1741.0,4.0,2.0,80.0,38.0,10.0,150.0
Ben White,1997-10-07,0.0,24.0,2201.0,0.0,32.0,13.0,2880.0,3.0,0.0,1810.0,0.0,0.0,44.0,19.0,11.0,101.0
Daniel Amartey,1994-12-20,0.0,22.0,1777.0,0.0,28.0,5.0,2119.0,4.0,0.0,1535.0,0.0,1.0,26.0,14.0,1.0,91.0
Charlie Taylor,1993-09-17,0.0,20.0,1839.0,3.0,31.0,5.0,2730.0,3.0,0.0,980.0,0.0,0.0,45.0,17.0,15.0,72.0
Max Aarons,2000-01-03,0.0,19.0,1962.0,2.0,34.0,4.0,2882.0,8.0,0.0,1097.0,1.0,1.0,64.0,27.0,23.0,71.0
Joachim Andersen,1996-05-30,0.0,19.0,2652.0,3.0,34.0,11.0,2915.0,4.0,0.0,2334.0,0.0,1.0,30.0,19.0,8.0,123.0
Ben Godfrey,1998-01-14,0.0,19.0,1111.0,0.0,23.0,4.0,2031.0,6.0,0.0,705.0,1.0,0.0,47.0,17.0,4.0,91.0
Liam Cooper,1991-08-29,0.0,18.0,1430.0,1.0,21.0,5.0,1815.0,5.0,0.0,1175.0,0.0,2.0,41.0,19.0,1.0,72.0
Victor Lindelöf,1994-07-16,0.0,17.0,1608.0,2.0,28.0,5.0,2355.0,4.0,0.0,1377.0,0.0,2.0,16.0,19.0,1.0,94.0
Christian Kabasele,1991-02-23,0.0,16.0,624.0,0.0,16.0,1.0,1190.0,0.0,0.0,469.0,2.0,0.0,11.0,5.0,1.0,65.0
Cheikhou Kouyaté,1989-12-20,0.0,14.0,1118.0,1.0,27.0,4.0,1978.0,3.0,0.0,799.0,0.0,0.0,52.0,29.0,11.0,33.0
Luke Thomas,2001-06-09,0.0,14.0,1597.0,1.0,22.0,5.0,1912.0,2.0,0.0,1021.0,0.0,0.0,50.0,15.0,20.0,47.0
William Troost-Ekong,1993-08-31,0.0,14.0,762.0,0.0,17.0,0.0,1388.0,3.0,0.0,601.0,0.0,1.0,18.0,13.0,0.0,81.0
Aaron Wan-Bissaka,1997-11-25,0.0,14.0,1449.0,0.0,20.0,3.0,1794.0,2.0,0.0,937.0,0.0,1.0,49.0,15.0,13.0,32.0
Diogo Dalot,1999-03-17,0.0,13.0,1470.0,0.0,24.0,5.0,1799.0,4.0,0.0,961.0,1.0,1.0,55.0,18.0,8.0,56.0
Lucas Digne,1993-07-19,0.0,13.0,1886.0,4.0,29.0,7.0,2442.0,6.0,0.0,1109.0,0.0,3.0,46.0,33.0,19.0,62.0
Issa Diop,1997-01-08,0.0,13.0,579.0,1.0,13.0,2.0,962.0,0.0,0.0,477.0,0.0,1.0,10.0,5.0,1.0,42.0
Lyanco,1997-01-31,0.0,13.0,548.0,0.0,15.0,1.0,906.0,2.0,0.0,389.0,0.0,0.0,18.0,13.0,2.0,48.0
Samir,1994-12-04,0.0,11.0,899.0,0.0,19.0,3.0,1675.0,4.0,0.0,667.0,0.0,0.0,24.0,17.0,3.0,81.0
Ciaran Clark,1989-09-25,0.0,11.0,483.0,1.0,13.0,0.0,1015.0,2.0,1.0,364.0,1.0,1.0,13.0,6.0,2.0,41.0
Ozan Kabak,2000-03-24,0.0,11.0,563.0,0.0,11.0,2.0,924.0,2.0,0.0,429.0,1.0,1.0,10.0,10.0,6.0,25.0
Dwight McNeil,1999-11-21,0.0,11.0,1816.0,1.0,38.0,6.0,3112.0,1.0,0.0,939.0,3.0,1.0,78.0,16.0,51.0,21.0
Luke Shaw,1995-07-11,0.0,11.0,1364.0,3.0,20.0,3.0,1602.0,8.0,0.0,924.0,0.0,3.0,21.0,32.0,14.0,17.0
Joel Ward,1989-10-28,0.0,11.0,2105.0,0.0,28.0,9.0,2486.0,8.0,0.0,1445.0,0.0,1.0,44.0,22.0,18.0,95.0
Federico Fernández,1989-02-20,0.0,10.0,267.0,0.0,7.0,0.0,522.0,0.0,0.0,207.0,0.0,0.0,3.0,1.0,0.0,27.0
Robin Koch,1996-07-16,0.0,10.0,915.0,0.0,20.0,1.0,1574.0,3.0,0.0,698.0,1.0,0.0,21.0,22.0,6.0,43.0
Emil Krafth,1994-08-01,0.0,10.0,983.0,1.0,20.0,5.0,1635.0,5.0,0.0,591.0,0.0,0.0,37.0,22.0,4.0,49.0
Rodrigo Bentancur,1997-06-24,0.0,9.0,1235.0,4.0,17.0,6.0,1365.0,5.0,0.0,1007.0,0.0,0.0,36.0,22.0,13.0,32.0
Vladimír Coufal,1992-08-21,0.0,9.0,1740.0,4.0,28.0,5.0,2211.0,3.0,1.0,1046.0,0.0,2.0,45.0,29.0,15.0,57.0
Ibrahima Konaté,1999-05-24,0.0,9.0,867.0,0.0,11.0,4.0,990.0,2.0,0.0,750.0,0.0,0.0,16.0,10.0,1.0,37.0
Allan,1991-01-07,0.0,9.0,1330.0,2.0,28.0,4.0,2186.0,7.0,1.0,958.0,0.0,0.0,74.0,30.0,24.0,36.0
James McArthur,1987-10-06,0.0,9.0,1186.0,3.0,21.0,4.0,1436.0,4.0,0.0,909.0,0.0,3.0,33.0,24.0,14.0,26.0
Kalvin Phillips,1995-12-01,0.0,9.0,1241.0,1.0,20.0,3.0,1595.0,4.0,0.0,948.0,1.0,0.0,54.0,33.0,16.0,18.0
Ashley Westwood,1990-03-31,0.0,9.0,1474.0,3.0,27.0,3.0,2289.0,7.0,0.0,1113.0,0.0,0.0,21.0,29.0,14.0,15.0
Wilfred Ndidi,1996-12-15,0.0,8.0,1252.0,0.0,19.0,4.0,1619.0,4.0,0.0,929.0,0.0,1.0,60.0,30.0,15.0,52.0
Jannik Vestergaard,1992-08-02,0.0,8.0,465.0,0.0,10.0,0.0,564.0,2.0,0.0,377.0,0.0,0.0,15.0,4.0,0.0,35.0
Will Hughes,1995-04-16,0.0,7.0,690.0,1.0,16.0,1.0,1058.0,6.0,0.0,501.0,0.0,0.0,29.0,18.0,9.0,9.0
Erik Pieters,1988-08-06,0.0,7.0,498.0,1.0,12.0,4.0,727.0,1.0,0.0,254.0,0.0,0.0,28.0,14.0,2.0,37.0
Albert Sambi Lokonga,1999-10-21,0.0,7.0,960.0,0.0,19.0,5.0,1133.0,5.0,0.0,818.0,0.0,0.0,22.0,12.0,8.0,11.0
Jamie Shackleton,1999-10-07,0.0,7.0,523.0,0.0,14.0,1.0,707.0,4.0,0.0,346.0,0.0,0.0,27.0,13.0,2.0,10.0
Oliver Skipp,2000-09-15,0.0,7.0,1001.0,0.0,18.0,7.0,1348.0,6.0,0.0,845.0,0.0,1.0,33.0,16.0,11.0,8.0
Jack Stephens,1994-01-26,0.0,7.0,582.0,0.0,11.0,1.0,811.0,3.0,0.0,464.0,0.0,0.0,19.0,8.0,1.0,41.0
Mads Bech Sørensen,1999-01-06,0.0,6.0,582.0,0.0,11.0,2.0,833.0,3.0,0.0,431.0,0.0,0.0,8.0,8.0,0.0,24.0
Willy Boly,1991-02-02,0.0,6.0,678.0,0.0,10.0,1.0,900.0,1.0,0.0,556.0,0.0,1.0,25.0,7.0,3.0,35.0
Andreas Christensen,1996-04-09,0.0,6.0,1498.0,0.0,19.0,9.0,1494.0,2.0,0.0,1321.0,2.0,0.0,14.0,11.0,1.0,51.0
Tom Cleverley,1989-08-11,0.0,6.0,851.0,2.0,28.0,1.0,1623.0,2.0,0.0,596.0,0.0,2.0,37.0,28.0,16.0,18.0
Junior Firpo,1996-08-21,0.0,6.0,1214.0,2.0,24.0,1.0,1715.0,11.0,0.0,778.0,1.0,1.0,60.0,39.0,7.0,32.0
Dimitris Giannoulis,1995-10-16,0.0,6.0,962.0,1.0,18.0,3.0,1166.0,2.0,0.0,553.0,0.0,0.0,36.0,16.0,11.0,33.0
Adam Lallana,1988-05-09,0.0,6.0,1178.0,1.0,24.0,3.0,1560.0,4.0,0.0,957.0,0.0,0.0,34.0,11.0,15.0,13.0
Imrân Louza,1999-04-30,0.0,6.0,967.0,0.0,20.0,2.0,1419.0,6.0,0.0,650.0,1.0,0.0,41.0,24.0,9.0,20.0
Adam Masina,1994-01-01,0.0,6.0,700.0,1.0,15.0,1.0,1076.0,0.0,0.0,422.0,0.0,0.0,24.0,14.0,1.0,40.0
Nemanja Matic,1988-07-31,0.0,6.0,1270.0,4.0,23.0,0.0,1382.0,3.0,0.0,1039.0,0.0,0.0,31.0,26.0,21.0,18.0
Romain Perraud,1997-09-21,0.0,6.0,995.0,1.0,20.0,3.0,1625.0,3.0,0.0,534.0,1.0,0.0,34.0,31.0,9.0,38.0
Brandon Williams,2000-09-02,0.0,6.0,1513.0,1.0,26.0,2.0,2123.0,8.0,0.0,934.0,0.0,0.0,55.0,23.0,17.0,45.0
Fabian Delph,1989-11-20,0.0,5.0,397.0,0.0,11.0,0.0,666.0,2.0,0.0,306.0,0.0,0.0,18.0,8.0,0.0,10.0
James Milner,1986-01-03,0.0,5.0,929.0,1.0,24.0,2.0,850.0,2.0,0.0,702.0,0.0,0.0,28.0,17.0,5.0,19.0
Tyrick Mitchell,1999-08-31,0.0,5.0,2411.0,2.0,36.0,10.0,3102.0,1.0,0.0,1493.0,0.0,2.0,104.0,16.0,26.0,83.0
Danny Rose,1990-07-01,0.0,5.0,443.0,0.0,8.0,0.0,689.0,4.0,0.0,227.0,0.0,1.0,16.0,10.0,1.0,9.0
Japhet Tanganga,1999-03-30,0.0,5.0,516.0,0.0,11.0,3.0,740.0,2.0,1.0,346.0,0.0,1.0,14.0,19.0,5.0,30.0
Nélson Semedo,1993-11-15,0.0,4.0,1581.0,1.0,25.0,6.0,2137.0,1.0,0.0,912.0,2.0,4.0,58.0,23.0,27.0,52.0
Billy Gilmour,2001-06-10,0.0,4.0,1485.0,1.0,24.0,2.0,1858.0,2.0,0.0,1136.0,0.0,1.0,41.0,28.0,11.0,29.0
Phil Jones,1992-02-20,0.0,4.0,106.0,0.0,4.0,0.0,161.0,0.0,0.0,81.0,0.0,0.0,5.0,0.0,0.0,8.0
James Justin,1998-02-22,0.0,4.0,835.0,0.0,13.0,2.0,997.0,0.0,0.0,558.0,1.0,1.0,22.0,7.0,10.0,32.0
Marçal,1989-02-18,0.0,4.0,1127.0,0.0,18.0,6.0,1453.0,3.0,0.0,690.0,1.0,1.0,42.0,29.0,6.0,39.0
Pablo Marí,1993-08-30,0.0,4.0,122.0,0.0,2.0,0.0,180.0,1.0,0.0,92.0,0.0,0.0,5.0,1.0,0.0,10.0
Nampalys Mendy,1992-06-22,0.0,4.0,754.0,0.0,14.0,1.0,1033.0,3.0,0.0,645.0,0.0,0.0,12.0,17.0,9.0,10.0
Marvelous Nakamba,1994-01-18,0.0,4.0,532.0,0.0,16.0,1.0,905.0,5.0,0.0,384.0,0.0,0.0,32.0,16.0,10.0,15.0
Jeremy Ngakia,2000-09-06,0.0,4.0,592.0,0.0,16.0,1.0,900.0,0.0,0.0,336.0,0.0,0.0,31.0,10.0,5.0,30.0
Alex Telles,1992-12-14,0.0,4.0,1445.0,4.0,21.0,4.0,1660.0,1.0,0.0,935.0,0.0,1.0,48.0,23.0,10.0,43.0
Axel Tuanzebe,1997-11-13,0.0,4.0,285.0,0.0,9.0,1.0,505.0,1.0,0.0,240.0,0.0,0.0,5.0,3.0,0.0,12.0
Kyle Walker,1990-05-27,0.0,4.0,1803.0,2.0,20.0,10.0,1755.0,1.0,0.0,1499.0,0.0,1.0,15.0,7.0,6.0,15.0
Ashley Young,1985-07-08,0.0,4.0,805.0,2.0,24.0,3.0,1240.0,2.0,0.0,519.0,0.0,1.0,18.0,16.0,3.0,24.0
Ryan Bertrand,1989-08-04,0.0,3.0,238.0,0.0,4.0,0.0,338.0,1.0,0.0,145.0,0.0,0.0,8.0,3.0,4.0,6.0
Toti,1999-01-15,0.0,3.0,268.0,0.0,4.0,0.0,360.0,1.0,0.0,201.0,0.0,1.0,11.0,2.0,2.0,14.0
Leo Hjelde,2003-08-25,0.0,3.0,132.0,0.0,2.0,0.0,148.0,0.0,0.0,80.0,0.0,0.0,5.0,1.0,0.0,7.0
Mathias Jensen,1995-12-31,0.0,3.0,1021.0,1.0,31.0,1.0,1600.0,0.0,0.0,706.0,4.0,3.0,33.0,19.0,15.0,11.0
Tariq Lamptey,2000-09-29,0.0,3.0,1104.0,2.0,30.0,3.0,1556.0,4.0,0.0,614.0,1.0,3.0,36.0,27.0,21.0,20.0
Solly March,1994-07-19,0.0,3.0,1042.0,2.0,31.0,1.0,1739.0,1.0,0.0,638.0,1.0,12.0,30.0,31.0,29.0,23.0
Saúl Ñíguez,1994-11-20,0.0,3.0,445.0,0.0,10.0,1.0,478.0,1.0,0.0,325.0,0.0,0.0,20.0,9.0,11.0,9.0
Malang Sarr,1999-01-22,0.0,3.0,564.0,0.0,8.0,2.0,546.0,2.0,0.0,467.0,0.0,0.0,14.0,8.0,2.0,19.0
Ryan Sessegnon,2000-05-17,0.0,3.0,606.0,2.0,15.0,3.0,1052.0,2.0,0.0,323.0,0.0,5.0,25.0,19.0,12.0,22.0
Jacob Sørensen,1998-03-02,0.0,3.0,399.0,0.0,10.0,0.0,601.0,0.0,0.0,302.0,0.0,0.0,22.0,7.0,2.0,18.0
Takehiro Tomiyasu,1998-11-04,0.0,3.0,1357.0,1.0,21.0,7.0,1682.0,2.0,0.0,921.0,0.0,0.0,35.0,16.0,12.0,55.0
Yan Valery,1999-02-21,0.0,3.0,223.0,0.0,5.0,1.0,369.0,0.0,0.0,139.0,0.0,0.0,8.0,3.0,2.0,16.0
Harry Winks,1996-02-01,0.0,3.0,801.0,1.0,19.0,1.0,907.0,2.0,0.0,653.0,0.0,0.0,15.0,11.0,6.0,8.0
Oleksandr Zinchenko,1996-12-14,0.0,3.0,1193.0,4.0,15.0,5.0,1044.0,0.0,0.0,971.0,0.0,1.0,20.0,11.0,6.0,11.0
Eric Bailly,1994-04-11,0.0,2.0,117.0,0.0,4.0,0.0,217.0,1.0,0.0,85.0,0.0,0.0,5.0,2.0,1.0,10.0
Nathaniel Clyne,1991-04-04,0.0,2.0,849.0,1.0,16.0,6.0,1351.0,1.0,0.0,558.0,0.0,0.0,21.0,3.0,4.0,30.0
Wesley Fofana,2000-12-16,0.0,2.0,609.0,0.0,7.0,1.0,630.0,2.0,0.0,527.0,1.0,0.0,12.0,7.0,2.0,26.0
Charlie Goode,1995-08-02,0.0,2.0,353.0,0.0,6.0,1.0,448.0,3.0,0.0,230.0,0.0,0.0,7.0,5.0,1.0,8.0
Jóhann Gudmundsson,1990-10-26,0.0,2.0,520.0,1.0,18.0,1.0,1104.0,2.0,0.0,293.0,2.0,3.0,16.0,16.0,19.0,20.0
Jamal Lewis,1998-01-24,0.0,2.0,144.0,0.0,5.0,1.0,263.0,1.0,0.0,79.0,0.0,0.0,8.0,2.0,7.0,8.0
Jakub Moder,1999-04-06,0.0,2.0,1114.0,3.0,28.0,2.0,1702.0,2.0,0.0,760.0,4.0,0.0,42.0,19.0,19.0,20.0
Matt Ritchie,1989-09-09,0.0,2.0,854.0,2.0,18.0,0.0,1334.0,5.0,0.0,504.0,0.0,0.0,22.0,13.0,5.0,23.0
Francisco Sierralta,1997-05-05,0.0,2.0,254.0,0.0,5.0,0.0,428.0,0.0,0.0,182.0,0.0,0.0,7.0,4.0,0.0,34.0
André Gomes,1993-07-29,0.0,2.0,412.0,1.0,14.0,0.0,618.0,3.0,0.0,276.0,1.0,0.0,16.0,24.0,16.0,7.0
Dominic Thompson,2000-07-25,0.0,2.0,59.0,0.0,2.0,0.0,148.0,0.0,0.0,37.0,0.0,0.0,1.0,1.0,0.0,3.0
Konstantinos Tsimikas,1996-05-11,0.0,2.0,837.0,2.0,13.0,3.0,873.0,3.0,0.0,512.0,1.0,0.0,27.0,20.0,5.0,19.0
Steven Alzate,1998-09-07,0.0,1.0,304.0,0.0,9.0,0.0,405.0,0.0,0.0,232.0,0.0,0.0,10.0,6.0,3.0,8.0
Charlie Cresswell,2002-08-16,0.0,1.0,125.0,0.0,5.0,0.0,139.0,1.0,0.0,104.0,0.0,1.0,5.0,3.0,0.0,6.0
Moussa Djenepo,1998-06-14,0.0,1.0,277.0,0.0,12.0,1.0,455.0,3.0,0.0,140.0,1.0,0.0,9.0,9.0,9.0,5.0
Harvey Elliott,2003-04-03,0.0,1.0,312.0,0.0,6.0,1.0,346.0,0.0,0.0,241.0,0.0,0.0,3.0,2.0,0.0,2.0
Mohamed Elneny,1992-07-10,0.0,1.0,646.0,2.0,14.0,0.0,801.0,1.0,0.0,565.0,0.0,0.0,16.0,5.0,3.0,11.0
Peter Etebo,1995-11-08,0.0,1.0,217.0,0.0,9.0,0.0,397.0,3.0,0.0,165.0,0.0,0.0,11.0,8.0,2.0,4.0
Ashley Fletcher,1995-10-01,0.0,1.0,14.0,0.0,3.0,0.0,28.0,0.0,0.0,6.0,1.0,0.0,2.0,1.0,1.0,0.0
Adam Forshaw,1991-10-07,0.0,1.0,1043.0,1.0,22.0,2.0,1529.0,5.0,0.0,826.0,0.0,2.0,53.0,26.0,11.0,12.0
Ryan Fredericks,1992-10-09,0.0,1.0,174.0,0.0,7.0,0.0,303.0,1.0,0.0,119.0,0.0,0.0,2.0,3.0,1.0,5.0
Joe Gomez,1997-05-22,0.0,1.0,343.0,1.0,8.0,2.0,330.0,2.0,0.0,239.0,0.0,0.0,10.0,5.0,2.0,6.0
Edo Kayembe,1998-06-02,0.0,1.0,564.0,0.0,13.0,0.0,799.0,0.0,0.0,433.0,0.0,1.0,21.0,4.0,11.0,13.0
Jonjoe Kenny,1997-03-14,0.0,1.0,602.0,1.0,15.0,1.0,1017.0,1.0,1.0,361.0,0.0,1.0,17.0,9.0,3.0,26.0
Giovani Lo Celso,1996-04-08,0.0,1.0,227.0,0.0,9.0,0.0,233.0,0.0,0.0,150.0,1.0,1.0,8.0,2.0,3.0,0.0
Kevin Long,1990-08-17,0.0,1.0,144.0,0.0,6.0,0.0,408.0,1.0,0.0,102.0,0.0,1.0,3.0,4.0,0.0,19.0
Luka Milivojevic,1991-04-06,0.0,1.0,581.0,0.0,15.0,0.0,776.0,1.0,0.0,450.0,0.0,0.0,18.0,15.0,3.0,15.0
Nicolas Nkoulou,1990-03-26,0.0,1.0,75.0,0.0,3.0,0.0,168.0,0.0,0.0,57.0,0.0,0.0,1.0,1.0,1.0,8.0
Przemyslaw Placheta,1998-03-22,0.0,1.0,249.0,0.0,12.0,0.0,505.0,1.0,0.0,132.0,0.0,0.0,4.0,1.0,11.0,4.0
Joe Rodon,1997-10-21,0.0,1.0,46.0,0.0,3.0,0.0,87.0,0.0,0.0,35.0,0.0,0.0,0.0,0.0,0.0,7.0
Lukas Rupp,1991-01-07,0.0,1.0,537.0,0.0,19.0,0.0,762.0,0.0,0.0,384.0,0.0,0.0,9.0,7.0,19.0,6.0
Ellis Simms,2001-01-04,0.0,1.0,19.0,0.0,1.0,0.0,62.0,0.0,0.0,12.0,0.0,0.0,0.0,0.0,1.0,1.0
Boubakary Soumaré,1999-02-26,0.0,1.0,708.0,1.0,19.0,1.0,1100.0,0.0,0.0,536.0,0.0,0.0,19.0,16.0,13.0,18.0
Dale Stephens,1989-06-11,0.0,1.0,71.0,0.0,3.0,1.0,123.0,1.0,0.0,57.0,0.0,0.0,4.0,5.0,0.0,1.0
Ben Foster,1983-04-02,0.0,0.0,1003.0,1.0,26.0,4.0,2340.0,0.0,0.0,804.0,0.0,0.0,0.0,1.0,0.0,15.0
Vicente Guaita,1987-01-09,0.0,0.0,1117.0,0.0,30.0,11.0,2655.0,2.0,0.0,797.0,0.0,0.0,1.0,1.0,0.0,22.0
Illan Meslier,2000-03-01,0.0,0.0,1637.0,0.0,38.0,5.0,3385.0,2.0,0.0,1115.0,0.0,0.0,1.0,0.0,0.0,45.0
Tyler Morton,2002-10-30,0.0,0.0,41.0,0.0,2.0,0.0,66.0,1.0,0.0,35.0,0.0,0.0,0.0,1.0,0.0,0.0
Kenneth Sema,1993-09-29,0.0,0.0,375.0,0.0,18.0,2.0,845.0,1.0,0.0,188.0,0.0,0.0,16.0,15.0,25.0,10.0
Christoph Zimmermann,1993-01-11,0.0,0.0,80.0,0.0,3.0,0.0,157.0,0.0,0.0,63.0,0.0,0.0,6.0,1.0,0.0,4.0
Robert Sánchez,1997-11-17,0.0,0.0,1729.0,0.0,37.0,11.0,3329.0,4.0,1.0,1333.0,0.0,0.0,2.0,1.0,0.0,21.0
Alisson,1992-10-01,0.0,0.0,1551.0,1.0,36.0,20.0,3240.0,0.0,0.0,1177.0,0.0,0.0,3.0,0.0,0.0,47.0
Kasper Schmeichel,1986-11-04,0.0,0.0,1476.0,0.0,37.0,7.0,3330.0,2.0,0.0,1123.0,0.0,0.0,0.0,0.0,0.0,27.0
José Sá,1993-01-16,0.0,0.0,1347.0,1.0,37.0,11.0,3285.0,3.0,0.0,889.0,0.0,0.0,2.0,3.0,0.0,39.0
Aaron Ramsdale,1998-05-13,0.0,0.0,1345.0,0.0,34.0,12.0,3060.0,1.0,0.0,1010.0,0.0,0.0,2.0,0.0,0.0,38.0
Jordan Pickford,1994-03-06,0.0,0.0,1340.0,0.0,35.0,7.0,3150.0,2.0,0.0,1021.0,0.0,0.0,1.0,0.0,0.0,36.0
Nick Pope,1992-04-18,0.0,0.0,1311.0,0.0,36.0,9.0,3240.0,1.0,0.0,929.0,0.0,0.0,0.0,0.0,0.0,46.0
Emiliano Martínez,1992-09-01,0.0,0.0,1259.0,0.0,36.0,11.0,3240.0,4.0,0.0,937.0,0.0,0.0,1.0,0.0,0.0,9.0
Ederson,1993-08-16,0.0,0.0,1240.0,0.0,37.0,20.0,3330.0,3.0,0.0,960.0,0.0,0.0,2.0,1.0,0.0,21.0
Tim Krul,1988-04-02,0.0,0.0,1237.0,0.0,29.0,5.0,2610.0,1.0,0.0,903.0,0.0,0.0,1.0,0.0,0.0,27.0
David Raya,1995-09-14,0.0,0.0,1216.0,0.0,24.0,8.0,2160.0,1.0,0.0,960.0,0.0,0.0,0.0,1.0,0.0,17.0
Lukasz Fabianski,1985-04-17,0.0,0.0,1200.0,0.0,37.0,8.0,3330.0,2.0,0.0,849.0,0.0,0.0,0.0,1.0,1.0,22.0
Hugo Lloris,1986-12-25,0.0,0.0,1140.0,0.0,38.0,16.0,3420.0,2.0,0.0,793.0,0.0,0.0,1.0,0.0,0.0,34.0
Édouard Mendy,1992-02-29,0.0,0.0,1090.0,0.0,34.0,14.0,3060.0,3.0,0.0,802.0,0.0,0.0,1.0,1.0,0.0,24.0
David de Gea,1990-11-06,0.0,0.0,1087.0,0.0,38.0,8.0,3420.0,0.0,0.0,788.0,0.0,0.0,0.0,0.0,0.0,21.0
Martin Dúbravka,1989-01-14,0.0,0.0,971.0,0.0,26.0,8.0,2340.0,1.0,0.0,753.0,0.0,0.0,1.0,0.0,0.0,12.0
Fraser Forster,1988-03-16,0.0,0.0,732.0,0.0,19.0,3.0,1710.0,1.0,0.0,530.0,0.0,0.0,1.0,0.0,0.0,35.0
Ibrahima Diallo,1999-03-07,0.0,0.0,594.0,2.0,23.0,1.0,1018.0,1.0,0.0,444.0,0.0,0.0,22.0,8.0,13.0,10.0
Álvaro Fernández,1998-04-12,0.0,0.0,591.0,0.0,12.0,1.0,1080.0,0.0,0.0,456.0,0.0,0.0,0.0,0.0,0.0,9.0
Alex McCarthy,1989-12-02,0.0,0.0,588.0,0.0,17.0,5.0,1530.0,1.0,0.0,430.0,0.0,0.0,0.0,0.0,0.0,12.0
Daniel Bachmann,1994-07-08,0.0,0.0,430.0,0.0,12.0,0.0,1080.0,0.0,0.0,315.0,0.0,0.0,0.0,1.0,0.0,8.0
Nathan Tella,1999-07-04,0.0,0.0,371.0,1.0,14.0,0.0,811.0,2.0,0.0,161.0,1.0,3.0,13.0,17.0,23.0,8.0
Angus Gunn,1996-01-21,0.0,0.0,359.0,0.0,9.0,1.0,810.0,0.0,0.0,258.0,0.0,0.0,0.0,0.0,0.0,13.0
Jack Butland,1993-03-09,0.0,0.0,326.0,0.0,9.0,1.0,765.0,0.0,0.0,247.0,0.0,0.0,0.0,0.0,0.0,8.0
Karl Darlow,1990-10-07,0.0,0.0,294.0,0.0,8.0,0.0,720.0,1.0,0.0,221.0,0.0,0.0,0.0,1.0,0.0,8.0
Morgan Sanson,1994-08-17,0.0,0.0,258.0,0.0,10.0,0.0,352.0,0.0,0.0,153.0,0.0,0.0,12.0,3.0,10.0,2.0
Juan Mata,1988-04-27,0.0,0.0,256.0,0.0,7.0,0.0,232.0,0.0,0.0,208.0,0.0,2.0,6.0,2.0,2.0,1.0
Todd Cantwell,1998-02-26,0.0,0.0,234.0,0.0,8.0,0.0,440.0,2.0,0.0,151.0,0.0,2.0,15.0,4.0,8.0,2.0
Fábio Silva,2002-07-18,0.0,0.0,233.0,0.0,22.0,0.0,563.0,0.0,0.0,136.0,4.0,4.0,3.0,13.0,14.0,1.0
Hamza Choudhury,1997-09-30,0.0,0.0,217.0,0.0,6.0,0.0,287.0,1.0,0.0,149.0,0.0,0.0,9.0,4.0,2.0,10.0
Ki-Jana Hoever,2002-01-17,0.0,0.0,211.0,0.0,8.0,1.0,307.0,1.0,0.0,118.0,0.0,1.0,10.0,5.0,4.0,7.0
Carney Chukwuemeka,2003-10-19,0.0,0.0,187.0,1.0,12.0,0.0,295.0,0.0,0.0,120.0,1.0,0.0,7.0,3.0,6.0,2.0
Ainsley Maitland-Niles,1997-08-28,0.0,0.0,183.0,0.0,8.0,1.0,264.0,0.0,0.0,135.0,0.0,0.0,8.0,4.0,5.0,3.0
Chiquinho,2000-02-04,0.0,0.0,174.0,3.0,8.0,0.0,204.0,0.0,0.0,75.0,1.0,0.0,9.0,9.0,6.0,1.0
Ozan Tufan,1995-03-22,0.0,0.0,161.0,0.0,7.0,0.0,338.0,0.0,0.0,115.0,1.0,0.0,3.0,9.0,3.0,3.0
Kepa,1994-10-02,0.0,0.0,159.0,0.0,4.0,2.0,360.0,0.0,0.0,109.0,0.0,0.0,0.0,0.0,0.0,6.0
Christos Tzolis,2002-01-29,0.0,0.0,147.0,0.0,14.0,0.0,327.0,0.0,0.0,96.0,0.0,2.0,5.0,2.0,4.0,1.0
Bertrand Traoré,1995-09-05,0.0,0.0,139.0,0.0,9.0,0.0,213.0,0.0,0.0,78.0,0.0,2.0,3.0,0.0,2.0,1.0
Josh Dasilva,1998-10-22,0.0,0.0,138.0,0.0,9.0,0.0,252.0,0.0,1.0,87.0,0.0,0.0,2.0,4.0,5.0,6.0
Bernd Leno,1992-03-03,0.0,0.0,138.0,0.0,4.0,1.0,360.0,0.0,0.0,101.0,0.0,0.0,1.0,0.0,0.0,5.0
Jonathan Rowe,2003-04-29,0.0,0.0,135.0,1.0,13.0,0.0,210.0,0.0,0.0,66.0,0.0,1.0,3.0,3.0,10.0,1.0
Theo Walcott,1989-03-15,0.0,0.0,135.0,0.0,9.0,0.0,379.0,0.0,0.0,81.0,2.0,2.0,4.0,1.0,1.0,2.0
Freddie Woodman,1997-03-03,0.0,0.0,133.0,0.0,4.0,0.0,360.0,0.0,0.0,107.0,0.0,0.0,0.0,0.0,0.0,0.0
Luke Cundle,2002-04-25,0.0,0.0,120.0,0.0,4.0,0.0,180.0,0.0,0.0,103.0,0.0,0.0,4.0,3.0,1.0,1.0
Samuel Kalu,1997-08-25,0.0,0.0,114.0,0.0,4.0,0.0,222.0,0.0,0.0,61.0,1.0,3.0,2.0,0.0,5.0,2.0
Sam Greenwood,2002-01-25,0.0,0.0,110.0,2.0,7.0,0.0,232.0,0.0,0.0,73.0,0.0,2.0,8.0,7.0,0.0,1.0
Asmir Begovic,1987-06-19,0.0,0.0,106.0,0.0,3.0,1.0,270.0,0.0,0.0,80.0,0.0,0.0,0.0,0.0,0.0,6.0
Cody Drameh,2001-12-07,0.0,0.0,103.0,0.0,3.0,0.0,126.0,1.0,0.0,55.0,0.0,0.0,4.0,2.0,0.0,3.0
Benjamin Mendy,1994-07-16,0.0,0.0,103.0,0.0,1.0,0.0,79.0,0.0,0.0,77.0,0.0,0.0,2.0,2.0,0.0,0.0
Paul Dummett,1991-09-25,0.0,0.0,100.0,0.0,3.0,0.0,198.0,2.0,0.0,52.0,0.0,0.0,7.0,3.0,0.0,5.0
Caoimhín Kelleher,1998-11-22,0.0,0.0,100.0,0.0,2.0,1.0,180.0,0.0,0.0,78.0,0.0,0.0,1.0,0.0,0.0,1.0
Crysencio Summerville,2001-10-29,0.0,0.0,100.0,0.0,6.0,0.0,126.0,0.0,0.0,66.0,1.0,0.0,5.0,1.0,2.0,0.0
Lewis Bate,2002-10-27,0.0,0.0,90.0,0.0,3.0,0.0,147.0,0.0,0.0,61.0,0.0,0.0,1.0,3.0,2.0,1.0
Wayne Hennessey,1987-01-23,0.0,0.0,90.0,0.0,2.0,0.0,180.0,0.0,0.0,71.0,0.0,0.0,0.0,0.0,0.0,1.0
Bryan Gil,2001-02-10,0.0,0.0,89.0,0.0,9.0,0.0,86.0,0.0,0.0,56.0,0.0,0.0,3.0,1.0,2.0,0.0
Cole Palmer,2002-05-05,0.0,0.0,80.0,0.0,4.0,0.0,122.0,0.0,0.0,51.0,0.0,0.0,2.0,1.0,3.0,0.0
Marcus Forss,1999-06-17,0.0,0.0,71.0,1.0,7.0,0.0,203.0,0.0,0.0,36.0,0.0,0.0,3.0,3.0,1.0,0.0
Willy Caballero,1981-09-27,0.0,0.0,70.0,0.0,2.0,0.0,180.0,1.0,0.0,60.0,0.0,0.0,0.0,0.0,0.0,3.0
Kenedy,1996-02-07,0.0,0.0,69.0,1.0,1.0,0.0,59.0,0.0,0.0,46.0,0.0,0.0,5.0,0.0,3.0,0.0
Jairo Riedewald,1996-09-08,0.0,0.0,67.0,0.0,3.0,0.0,116.0,0.0,0.0,53.0,0.0,0.0,1.0,1.0,1.0,1.0
Jonas Lössl,1989-01-31,0.0,0.0,65.0,0.0,2.0,0.0,180.0,0.0,0.0,55.0,0.0,0.0,0.0,0.0,0.0,1.0
Tony Springett,2002-09-21,0.0,0.0,59.0,0.0,3.0,0.0,141.0,1.0,0.0,36.0,1.0,0.0,2.0,1.0,3.0,1.0
Will Smallbone,2000-02-20,0.0,0.0,56.0,0.0,4.0,0.0,133.0,0.0,0.0,33.0,0.0,0.0,4.0,2.0,0.0,0.0
Robin Olsen,1990-01-07,0.0,0.0,55.0,0.0,1.0,0.0,90.0,0.0,0.0,39.0,0.0,0.0,0.0,0.0,0.0,1.0
Jesurun Rak-Sakyi,2002-10-04,0.0,0.0,45.0,0.0,2.0,0.0,81.0,0.0,0.0,24.0,0.0,0.0,0.0,1.0,2.0,0.0
Alphonse Aréola,1993-02-26,0.0,0.0,44.0,0.0,1.0,0.0,90.0,0.0,0.0,37.0,0.0,0.0,0.0,0.0,0.0,1.0
Jason Steele,1990-08-17,0.0,0.0,44.0,0.0,1.0,0.0,90.0,0.0,0.0,36.0,0.0,0.0,0.0,0.0,0.0,1.0
Zack Steffen,1995-04-01,0.0,0.0,43.0,0.0,1.0,1.0,90.0,0.0,0.0,33.0,0.0,0.0,0.0,0.0,0.0,2.0
John Ruddy,1986-10-23,0.0,0.0,41.0,0.0,2.0,0.0,135.0,0.0,0.0,29.0,0.0,0.0,0.0,0.0,0.0,3.0
Jed Steer,1992-09-22,0.0,0.0,40.0,0.0,1.0,0.0,90.0,0.0,0.0,31.0,0.0,0.0,0.0,0.0,0.0,0.0
Danny Ward,1993-06-21,0.0,0.0,39.0,0.0,1.0,0.0,90.0,0.0,0.0,25.0,0.0,0.0,0.0,0.0,0.0,1.0
Tim Iroegbunam,2003-06-29,0.0,0.0,38.0,0.0,3.0,0.0,91.0,1.0,0.0,27.0,0.0,0.0,5.0,2.0,0.0,1.0
Aaron Connolly,2000-01-27,0.0,0.0,37.0,0.0,4.0,0.0,155.0,0.0,0.0,19.0,1.0,0.0,0.0,0.0,2.0,0.0
Jean-Philippe Gbamin,1995-09-24,0.0,0.0,35.0,0.0,3.0,0.0,66.0,0.0,0.0,22.0,0.0,0.0,1.0,0.0,2.0,1.0
Jeremy Sarmiento,2002-06-15,0.0,0.0,35.0,0.0,5.0,0.0,45.0,0.0,0.0,18.0,0.0,0.0,1.0,0.0,1.0,0.0
Hannibal Mejbri,2003-01-20,0.0,0.0,34.0,0.0,2.0,0.0,68.0,2.0,0.0,21.0,0.0,1.0,2.0,3.0,1.0,0.0
Taylor Richards,2000-12-03,0.0,0.0,33.0,0.0,2.0,0.0,23.0,0.0,0.0,27.0,0.0,0.0,1.0,1.0,0.0,0.0
Lewis Brunt,2000-11-05,0.0,0.0,28.0,0.0,1.0,0.0,23.0,0.0,0.0,21.0,0.0,0.0,0.0,0.0,2.0,0.0
Dwight Gayle,1989-10-16,0.0,0.0,24.0,0.0,8.0,0.0,34.0,1.0,0.0,16.0,0.0,0.0,1.0,2.0,0.0,0.0
Folarin Balogun,2001-07-02,0.0,0.0,23.0,0.0,2.0,0.0,70.0,0.0,0.0,9.0,0.0,1.0,1.0,0.0,0.0,1.0
Sead Kolasinac,1993-06-19,0.0,0.0,23.0,0.0,2.0,0.0,91.0,1.0,0.0,14.0,0.0,0.0,0.0,2.0,0.0,1.0
Mads Bidstrup,2001-02-24,0.0,0.0,21.0,0.0,4.0,0.0,37.0,0.0,0.0,13.0,0.0,0.0,1.0,1.0,1.0,2.0
Bali Mumba,2001-10-07,0.0,0.0,19.0,0.0,1.0,0.0,45.0,0.0,0.0,9.0,0.0,0.0,1.0,0.0,0.0,5.0
James McAtee,2002-10-17,0.0,0.0,18.0,0.0,2.0,0.0,18.0,0.0,0.0,13.0,0.0,0.0,0.0,1.0,2.0,0.0
Kristoffer Klaesson,2000-11-26,0.0,0.0,16.0,0.0,1.0,0.0,35.0,0.0,0.0,9.0,0.0,0.0,0.0,0.0,0.0,1.0
Reiss Nelson,1999-12-09,0.0,0.0,16.0,0.0,1.0,0.0,19.0,0.0,0.0,12.0,0.0,0.0,1.0,0.0,0.0,0.0
Lewis Dobbin,2003-01-02,0.0,0.0,14.0,0.0,3.0,0.0,30.0,1.0,0.0,8.0,0.0,0.0,2.0,1.0,1.0,0.0
Morgan Gibbs-White,2000-01-26,0.0,0.0,14.0,0.0,2.0,0.0,7.0,1.0,0.0,9.0,0.0,0.0,0.0,2.0,0.0,0.0
Cameron Archer,2001-12-08,0.0,0.0,13.0,0.0,3.0,0.0,24.0,0.0,0.0,4.0,0.0,0.0,0.0,3.0,2.0,0.0
Troy Deeney,1988-06-28,0.0,0.0,12.0,0.0,2.0,0.0,23.0,0.0,0.0,7.0,0.0,0.0,0.0,0.0,0.0,2.0
Chem Campbell,2002-12-29,0.0,0.0,11.0,0.0,1.0,0.0,12.0,0.0,0.0,9.0,0.0,0.0,1.0,0.0,0.0,0.0
Trézéguet,1994-09-30,0.0,0.0,11.0,0.0,1.0,0.0,10.0,0.0,0.0,6.0,0.0,0.0,0.0,0.0,0.0,0.0
Neco Williams,2001-04-12,0.0,0.0,11.0,1.0,1.0,0.0,7.0,0.0,0.0,8.0,0.0,0.0,0.0,0.0,0.0,0.0
Harrison Ashby,2001-11-13,0.0,0.0,10.0,0.0,1.0,0.0,6.0,0.0,0.0,6.0,0.0,0.0,0.0,0.0,0.0,1.0
Tariqe Fosu-Henry,1995-11-04,0.0,0.0,10.0,0.0,1.0,0.0,16.0,0.0,0.0,6.0,0.0,0.0,0.0,0.0,0.0,0.0
Hélder Costa,1994-01-11,0.0,0.0,10.0,0.0,1.0,0.0,20.0,0.0,0.0,5.0,0.0,0.0,0.0,1.0,0.0,0.0
Finley Stevens,2003-04-09,0.0,0.0,10.0,0.0,1.0,0.0,14.0,0.0,0.0,6.0,0.0,0.0,3.0,0.0,0.0,0.0
Kaide Gordon,2004-10-04,0.0,0.0,8.0,0.0,1.0,0.0,8.0,0.0,0.0,4.0,1.0,0.0,1.0,1.0,1.0,0.0
Tyler Onyango,2003-03-03,0.0,0.0,8.0,0.0,3.0,0.0,27.0,0.0,0.0,2.0,0.0,0.0,0.0,0.0,0.0,1.0
Keinan Davis,1998-02-12,0.0,0.0,7.0,0.0,1.0,0.0,11.0,0.0,0.0,3.0,0.0,0.0,0.0,0.0,1.0,0.0
Evan Ferguson,2004-10-18,0.0,0.0,7.0,0.0,1.0,0.0,22.0,0.0,0.0,5.0,0.0,0.0,0.0,0.0,0.0,0.0
Jaden Philogene,2002-02-07,0.0,0.0,7.0,0.0,1.0,0.0,4.0,0.0,0.0,2.0,0.0,0.0,0.0,0.0,3.0,0.0
Shola Shoretire,2004-02-01,0.0,0.0,7.0,0.0,1.0,0.0,15.0,0.0,0.0,5.0,0.0,0.0,0.0,0.0,0.0,0.0
Isaac Price,2003-09-25,0.0,0.0,6.0,0.0,1.0,0.0,12.0,0.0,0.0,2.0,1.0,0.0,0.0,0.0,1.0,0.0
Nathan Ferguson,2000-10-05,0.0,0.0,5.0,0.0,1.0,0.0,8.0,0.0,0.0,3.0,0.0,0.0,0.0,0.0,0.0,0.0
Jürgen Locadia,1993-11-06,0.0,0.0,5.0,0.0,1.0,0.0,22.0,0.0,0.0,1.0,0.0,0.0,0.0,1.0,1.0,0.0
Stuart McKinstry,2002-09-17,0.0,0.0,5.0,0.0,1.0,0.0,3.0,0.0,0.0,3.0,0.0,0.0,0.0,0.0,0.0,0.0
Kayky,2003-06-10,0.0,0.0,3.0,0.0,1.0,0.0,6.0,0.0,0.0,2.0,0.0,0.0,0.0,1.0,0.0,0.0
Alejandro Garnacho,2004-06-30,0.0,0.0,3.0,0.0,2.0,0.0,12.0,0.0,0.0,3.0,0.0,0.0,0.0,1.0,0.0,0.0
Liam McCarron,2001-03-06,0.0,0.0,3.0,0.0,1.0,0.0,9.0,0.0,0.0,2.0,0.0,0.0,0.0,0.0,0.0,0.0
Wesley,1996-11-23,0.0,0.0,3.0,0.0,1.0,0.0,1.0,0.0,0.0,2.0,0.0,0.0,0.0,1.0,0.0,0.0
Cenk Tosun,1991-06-06,0.0,0.0,3.0,0.0,1.0,0.0,6.0,0.0,0.0,1.0,0.0,0.0,0.0,0.0,0.0,0.0
Liam Delap,2003-02-07,0.0,0.0,2.0,0.0,1.0,0.0,9.0,0.0,0.0,1.0,0.0,0.0,0.0,1.0,0.0,0.0
CJ Egan-Riley,2003-01-01,0.0,0.0,2.0,0.0,1.0,0.0,3.0,0.0,0.0,1.0,0.0,0.0,1.0,0.0,0.0,0.0
Moise Kean,2000-02-27,0.0,0.0,2.0,0.0,1.0,0.0,1.0,0.0,0.0,1.0,0.0,0.0,0.0,0.0,1.0,0.0
Alex Král,1998-05-18,0.0,0.0,2.0,0.0,1.0,0.0,1.0,0.0,0.0,2.0,0.0,0.0,0.0,0.0,0.0,0.0
Kasey McAteer,2001-11-21,0.0,0.0,2.0,0.0,1.0,0.0,2.0,0.0,0.0,1.0,0.0,0.0,0.0,0.0,0.0,0.0
Emerson,1994-08-02,0.0,0.0,2.0,0.0,1.0,0.0,4.0,0.0,0.0,2.0,0.0,0.0,0.0,0.0,0.0,0.0
Dane Scarlett,2004-03-23,0.0,0.0,2.0,0.0,1.0,0.0,3.0,0.0,0.0,1.0,0.0,0.0,0.0,0.0,0.0,0.0
Sonny Perkins,2004-02-09,0.0,0.0,1.0,0.0,1.0,0.0,3.0,0.0,0.0,1.0,0.0,0.0,0.0,0.0,0.0,0.0
Nathan Young-Coombes,2003-01-14,0.0,0.0,1.0,0.0,1.0,0.0,3.0,0.0,0.0,0.0,0.0,0.0,0.0,1.0,0.0,0.0
Armstrong Oko-Flex,2002-03-01,0.0,0.0,0.0,0.0,0.0,0.0,0.0,0.0,0.0,0.0,0.0,0.0,0.0,0.0,0.0,0.0
Daniel Chesters,2002-04-03,0.0,0.0,0.0,0.0,1.0,0.0,1.0,0.0,0.0,0.0,0.0,0.0,0.0,0.0,0.0,0.0
Ben Chrisene,2004-01-11,0.0,0.0,0.0,0.0,0.0,0.0,0.0,0.0,0.0,0.0,0.0,0.0,0.0,0.0,0.0,0.0
Nohan Kenneh,2003-01-09,0.0,0.0,0.0,0.0,0.0,0.0,0.0,1.0,0.0,0.0,0.0,0.0,0.0,0.0,0.0,0.0
Thierry Small,2004-07-31,0.0,0.0,0.0,0.0,0.0,0.0,0.0,0.0,0.0,0.0,0.0,0.0,0.0,0.0,0.0,0.0
